-2.974686	-84.26011	-23.481218
-15.419455	-82.23844	-22.485111
-8.576193	-81.692085	-18.711605
8.876524	-27.797045	-13.133923
-45.586926	-68.75235	3.536074
39.04905	-53.82537	-20.105127
-2.6545987	-77.53057	3.9460397
27.880241	-32.87845	36.98983
-14.044804	-76.64402	-13.55661
-7.0170627	-80.616516	-10.41288
10.609281	60.544235	109.36123
-63.438393	36.218475	-27.19278
-19.459944	-13.034661	22.098354
-64.009605	-37.120358	7.8563304
3.3336225	35.271706	-6.6472898
52.220444	-10.316295	8.319681
-39.039886	50.684887	-25.798822
13.841891	-53.227173	21.089848
-3.1893046	-62.106853	67.153366
10.817483	12.485685	48.69068
13.610689	-49.00658	35.07597
36.40572	15.049796	-44.702206
34.158665	-27.017944	-2.6895676
-198.42908	-69.29252	10.050324
34.440357	-67.00259	-7.568989
-0.021527782	-80.76447	10.530763
-21.75986	19.899035	74.17929
-12.727323	-76.22997	-4.120976
-9.79873	-89.039604	-22.72384
-11.766452	-46.9572	53.63457
-5.587823	-85.58308	7.3221393
36.056248	-43.705906	35.502373
-19.49754	-48.002502	50.405758
60.88411	39.80376	14.558512
-37.76962	53.137623	55.77722
-43.956924	-39.802235	52.137547
-1.0167391	-7.3703465	48.442715
27.365969	-54.21369	-16.692034
7.36949	21.005411	-81.954124
26.01674	39.43462	9.231435
16.466824	9.605921	-37.475426
9.945968	-73.080215	-5.829557
45.659313	-25.063126	18.060125
50.929966	-16.864199	4.140413
-37.455753	-32.152363	61.516293
-13.765943	-83.520775	-9.628342
53.8398	-13.719039	-4.3949757
-10.818167	-78.498856	8.572163
49.505985	-28.56307	34.16757
12.674656	-73.35983	13.186856
0.33998427	-55.587185	32.221977
-9.354559	-83.835175	-29.045073
-8.172311	-77.16724	-24.914087
-46.262516	-25.752949	69.94476
21.01949	-78.78381	-7.062009
4.327667	-58.945595	39.704414
-20.20539	-81.72607	-14.597451
23.298136	53.980854	-29.77729
-44.776443	-52.46391	54.127533
-18.682358	-23.535118	57.889614
29.721788	95.54632	-21.087624
-46.705044	-18.101198	55.1022
-16.570652	-28.576967	72.77406
-18.31545	-28.956284	67.46985
0.44357878	-68.722824	3.200649
21.08543	-42.134937	41.74627
30.964191	-50.15397	36.875126
57.678864	-19.002254	0.6231484
-6.8788323	-55.111492	54.966785
11.570574	-57.410362	30.846443
13.137015	-80.250275	-9.794313
12.062418	48.875687	-44.995758
-0.29331863	70.8174	-13.276673
63.9104	-43.360252	33.349056
-37.39246	66.958374	-35.86383
-10.172065	-13.430394	-43.37925
1.2305268	5.093749	50.06851
39.597385	-42.893787	-3.6771922
-48.225246	-9.745929	54.717667
17.029078	51.181717	18.91827
-47.13371	-20.961544	1.3802176
-73.288635	-37.399815	28.941628
-10.52674	42.285736	-85.75776
-3.3903866	-37.849236	21.471672
-41.612022	-16.23215	8.261551
-34.084198	-10.573104	6.429698
-19.192846	-20.845541	12.751577
58.274845	-70.70719	-102.90703
-12.344105	-13.905583	-20.111885
14.625022	49.684425	26.230015
-39.080696	-5.209169	1.8834864
-30.874943	-8.314291	2.1257563
-41.94824	18.572987	42.123367
6.184546	7.1063914	-6.7988133
-7.262871	-9.066549	-25.882664
-7.6546817	-7.25814	-6.4495215
-25.787418	-11.275192	-2.277515
-5.66568	-4.8928757	-16.26052
-8.709702	-11.494084	-13.26732
-13.3610935	-31.959795	-40.76644
46.818333	14.338407	-88.819466
-16.076908	-85.01512	-0.5013491
-20.357471	-87.533356	-8.2575655
-12.3914995	-21.231676	-40.394226
-4.673229	15.201993	-6.712727
44.098114	-64.44429	-6.841296
36.54917	-17.699308	14.187606
8.3857355	-31.83844	-2.2664833
48.663307	-43.123753	26.061762
-31.863586	-22.234667	53.169823
-28.448767	-11.461567	-29.715607
-71.50447	-43.304726	-18.896053
-52.363552	-69.55089	3.065894
-10.276324	-0.018463649	-54.710472
43.35631	-24.889727	3.3517141
49.481842	-23.024815	9.995083
23.846382	-34.809574	25.997221
19.878532	2.1475575	-59.541546
-32.86222	24.74762	-2.9550126
-21.414808	11.363834	46.731907
-58.45721	-30.037045	22.024872
48.38796	-4.3718147	15.779635
41.07421	54.11194	29.677197
43.37707	-42.77995	39.04591
17.846462	-85.593506	-4.565544
-28.946009	-19.769148	7.5664167
8.535703	56.402267	50.789486
33.157425	51.525272	8.193951
-31.705828	-15.478902	52.354675
-46.057537	27.742817	-80.796265
-47.61948	-74.995995	1.5135143
-47.84075	-69.09375	-2.9190226
-53.036057	-73.530785	-2.4716942
-23.11567	35.682076	37.146034
-20.177336	-79.26731	-6.1765885
33.196087	-35.024998	2.487781
-71.41625	-32.675713	-31.923668
12.706336	9.153717	63.75019
-52.16183	26.675613	-24.178125
9.673597	25.456734	47.387657
57.100914	-2.4474814	11.038071
14.487384	33.166008	-8.940541
9.883893	42.097805	-15.801322
21.25194	16.49915	43.753284
16.243706	22.76191	43.882446
6.392916	-10.298696	-58.717705
13.296575	29.2232	-1.0391047
-34.891373	-61.166374	49.772915
12.036645	30.465988	43.604115
-7.0015755	-88.513214	-14.023179
36.583973	-37.80329	-10.438162
13.92938	21.39573	5.6808963
36.739838	-69.30253	-14.920532
-32.32067	31.825415	9.189743
-9.277258	-81.548546	1.0806652
37.951378	-33.57453	-3.8096626
50.05853	-19.144604	31.644016
-12.079966	-91.130104	-8.352978
5.8295717	-61.17078	24.393309
31.943392	-40.871952	-4.447414
42.835747	57.937286	-34.276474
72.17588	-15.758555	-13.046394
25.780472	-56.577248	35.361126
19.633738	98.43331	0.8623206
68.03815	74.47269	-16.109476
5.298198	65.15135	2.1988478
46.794098	-69.56853	-15.022271
54.534943	-30.530983	12.368555
-36.246437	34.64065	-54.17977
28.069054	-41.149437	-12.719095
-4.128458	-73.108765	10.424243
-0.91936	83.524956	-1.3804296
-47.97751	-26.390558	50.499275
33.56333	-48.296314	-4.757367
4.5571084	-51.974754	45.17176
4.5891905	-73.99047	9.277189
-22.198505	-39.953503	73.852005
42.89647	-29.057497	-8.558356
-2.7980134	-20.260057	70.85809
26.759972	-48.54462	-8.399538
-77.20092	6.750944	-52.85799
37.945244	-32.8427	-63.231625
-11.24628	1.0461525	-25.538492
-17.32514	-26.648834	-32.974873
30.4733	-63.777153	-51.226463
1.5762516	-75.10512	-3.262005
34.121555	10.764324	-53.38217
27.318974	33.572437	-27.372215
24.196089	7.1842194	-17.36794
14.284754	-77.80268	-2.024007
-12.78448	-55.013397	72.24972
63.700222	21.543903	-15.703823
26.855797	16.925907	-42.10294
54.4074	-2.4251952	-64.76246
-59.45984	-0.5946254	-48.397243
26.556374	-37.3181	-68.39779
3.1718354	-57.541157	-9.254359
287.98697	15.088535	-46.848446
-17.094402	-77.68644	2.4243417
56.828064	-21.812836	27.081278
-58.81575	17.925926	39.117424
23.756765	87.50211	-10.667949
-17.338816	8.325478	25.366543
35.116055	-45.68421	-11.55102
55.099525	-32.20221	-7.7255154
46.452953	47.345978	-39.631474
33.18535	38.112022	-51.315536
26.228848	42.532692	64.180244
39.759415	-56.913006	-3.8874555
62.3686	24.41098	-25.957445
49.350903	-25.981176	26.475414
24.022955	-81.29378	1.3377848
51.578934	35.622204	66.46812
14.85154	-4.6282506	69.86756
27.47232	-67.51297	-4.6768837
3.8729646	-43.09259	11.221428
-17.350956	-57.723545	63.689503
-18.314947	-56.5551	4.7016273
1.245513	-24.39879	-38.668243
-19.271833	-24.920664	-81.105576
-18.773378	-10.878812	-45.55562
27.446241	-46.135406	1.690299
4.789817	52.93447	23.493591
-21.54842	-13.590238	-58.388924
58.471363	0.9185426	-30.378113
0.2570897	-2.545591	-52.68065
-1.641282	98.4133	-10.214911
-31.259882	-23.306667	38.96352
17.67894	28.067616	-47.76884
-35.2532	52.4958	-41.37553
-8.507097	70.42106	59.2928
-76.36014	-58.03081	-14.825153
6.2860684	-88.43091	16.442448
69.012085	-21.968355	24.751183
-6.0270395	39.832546	65.71473
65.35265	-16.119343	3.7529237
-0.40138367	4.7125034	36.799473
-2.4277055	29.160498	84.63399
-15.423689	-43.09897	55.91728
35.00426	5.7178187	27.698273
45.211445	-50.65852	30.46031
30.246483	11.543231	19.281208
-20.323914	-62.75152	67.84932
-5.6421437	-33.19358	-11.450541
6.3296804	38.3379	-24.127964
-24.097328	-43.878582	-56.952488
21.426521	62.179394	-12.535939
41.83336	-72.07699	-6.097792
19.349325	-55.240868	28.592941
41.31749	17.94398	-25.759161
34.21979	-74.47875	-7.6170363
32.16988	-57.938038	-5.589581
34.021896	-71.92139	0.3272882
14.117823	-84.02579	2.9129553
35.359673	-62.06847	36.553867
10.846556	1.6347437	31.91262
-10.677027	-20.407408	-16.324259
-45.28581	6.8358145	68.98457
-35.542667	-32.658436	36.494335
53.415344	60.84771	20.7536
14.082274	17.102222	59.149837
59.769352	-5.070529	22.588644
27.118288	-72.217316	-11.186422
-19.961683	1.0299199	-42.571278
45.013794	-33.426945	39.589153
22.946293	28.388756	34.48789
39.933945	-21.907665	-5.249267
36.001698	-28.574245	-11.383106
29.036871	57.522686	27.88445
18.21134	-59.546497	34.276775
65.199394	13.455342	-31.04782
17.03677	-56.4146	55.27313
11.495837	22.120573	-42.349697
7.440647	18.01664	-4.3516216
-58.5856	53.089714	27.64324
-35.686813	-4.9707007	54.230076
-19.324196	66.36379	-12.131315
16.812004	-19.353466	31.504698
31.574766	-21.781649	2.4645085
-49.560158	-6.1507187	29.88799
21.904062	38.77912	34.757076
16.391068	17.511168	51.498802
37.334778	30.07154	-44.082596
-10.803723	-41.688797	46.994797
41.101864	-33.073402	-15.904978
25.483862	16.718296	7.3539805
20.448393	56.032925	-22.036877
25.31404	-71.113556	2.9423137
9.012278	-72.5238	2.3557484
-11.911215	57.366516	-19.624353
-5.2874966	-4.723009	-45.19434
-26.617207	-27.681692	46.866188
-20.03285	-51.72662	56.433903
4.328731	20.919537	36.458054
-17.298134	-10.4047785	53.464054
16.954607	42.034912	-28.266039
21.267792	43.158676	-20.070105
42.59861	-65.233955	-20.76246
-0.22326787	24.068537	45.90131
4.0741143	23.40335	52.78474
54.442097	3.916059	-19.491566
37.952225	-50.606274	1.313714
0.7339895	-20.744358	-80.95919
-12.356977	-19.600039	-59.121548
-25.790651	-16.95013	81.92014
-5.249298	-40.867092	-37.237038
22.982931	-35.150257	-29.513536
7.36942	49.872803	-8.129792
21.044281	53.89058	-10.89719
-15.671976	-88.28274	-15.924999
28.414808	-33.29177	-8.277602
-22.031555	4.878848	31.392744
-34.302254	-40.783245	54.118824
32.946724	-23.00273	17.301281
42.07366	8.400656	14.941529
-1.9184328	14.463547	50.19384
40.168064	-32.753956	23.774647
-41.74166	-12.631247	41.610306
49.921356	60.14867	-45.134037
45.271732	42.024258	-69.07147
-36.297142	-39.49114	-38.153324
-29.258423	55.80344	-7.2146077
287.457	2.985973	46.570015
26.216034	40.05589	25.130898
13.245734	46.349186	-56.493748
6.4035616	4.46199	40.99585
50.614822	55.83839	-66.96275
36.639652	-37.530094	40.902523
11.362035	-49.89405	50.959354
36.385662	-54.39953	33.570435
34.77811	-63.914448	-0.07066633
-3.5436645	-55.884274	41.027206
24.008314	47.876446	41.069
53.34114	35.44088	-41.773846
-4.576355	69.942116	22.263182
-0.117149144	-52.14137	-20.849651
-42.696957	13.867884	1.1946996
-39.092804	-27.14472	-5.832059
-70.45545	-26.853886	5.722797
15.052259	-4.387861	-57.080864
-36.772537	-54.73293	-37.307743
16.8552	-48.345154	28.865734
18.075695	3.3750582	40.723083
10.29883	-60.34657	47.91255
-21.97006	-36.376152	62.45099
34.94261	-54.560303	-12.455537
19.52043	-71.39191	-3.2780833
55.86843	-30.815166	27.77667
-13.957394	-66.60158	50.258476
-55.703625	68.97694	-6.094594
-27.055367	-64.5928	42.827923
-1.1589159	73.00107	-26.022839
28.252266	30.447632	48.531437
18.332174	-52.345146	41.44552
63.89699	23.52448	8.649798
65.113815	-121.22685	19.362291
-10.828834	44.680393	20.620655
-1.166829	-52.91316	60.65187
-5.3107653	22.000788	-17.204308
-3.5760806	-1.8428234	60.49237
11.763099	-39.20482	28.82648
-39.707375	-26.094845	-11.518945
-65.913666	49.781864	-1.1866237
-0.9685247	-84.264175	0.029199148
23.83152	66.47364	31.934818
-7.2101417	-9.4313545	54.259377
68.97549	-18.680204	18.818684
3.5974128	-56.01149	53.82072
38.45738	-8.776247	-73.75618
12.386301	29.485678	-54.454823
14.72241	-15.999619	42.229286
30.476946	-21.273344	-10.347984
69.312	30.164879	42.552086
22.326574	87.29298	11.17288
8.795254	-83.59988	-2.898387
-14.742235	-31.103125	50.486897
2.8972683	-0.74730116	67.42692
47.36467	59.391773	8.528392
-6.7778683	27.970726	8.067949
38.532127	-50.346138	22.199638
37.95726	-60.692387	-9.9728565
-78.48678	-38.733856	-33.98901
34.344505	-38.994865	-17.547314
64.61448	-13.906522	12.324291
17.098217	42.809017	-8.468091
-33.62738	80.46301	-4.9327283
37.21699	19.098305	27.884516
18.415215	-65.26169	-12.359577
14.443836	50.304504	-16.45715
23.255527	-50.311687	21.259825
-8.806026	-72.51969	3.1586254
27.328274	19.589512	-11.929089
-12.728722	-17.7241	47.343594
41.142044	-15.783587	1.981455
6.220563	43.971737	58.738773
-29.052435	61.262737	44.233963
-12.377071	88.18167	-24.20252
18.175558	8.0976515	47.710106
-12.19004	45.797546	35.09596
-17.330362	-7.3940935	36.46258
-21.724136	-2.2875633	35.285717
65.67687	3.7009869	-49.555645
54.69546	36.22802	50.997463
-34.53638	-17.264101	46.3134
-5.90316	-80.13924	16.699635
-41.224598	-6.241777	40.94374
6.343816	-66.53204	33.675488
45.43033	-57.099407	-13.15021
2.073894	19.13264	13.295728
-15.346371	2.6992362	-105.23884
14.008847	37.424377	-25.295382
36.95279	-22.134256	36.539337
-6.7118254	-40.9333	19.023855
17.901644	46.41612	46.847054
-80.61418	-55.171417	-28.02319
14.041119	-15.198048	79.179
4.1741767	9.642994	20.777212
-56.384605	-60.96358	21.088568
-33.339424	-11.564466	39.326626
54.40909	-25.393486	19.7344
-2.4115283	61.854034	-4.8065677
-36.080704	-17.714157	-39.277412
-76.981705	-25.599174	-27.070797
20.573538	-34.162334	60.871628
-29.151028	-39.97233	45.186302
-42.280823	28.767096	-15.350234
5.5239882	33.510586	64.77124
-4.2361665	12.262097	-74.69291
33.82979	51.59376	-32.50117
13.190588	-58.2039	38.754204
8.814075	-81.325096	9.629443
37.510075	-30.211845	38.085243
-12.861067	-8.808554	-51.716835
-69.319855	-25.61185	-14.417188
-38.603516	-27.34826	47.323868
29.872818	47.054775	47.842308
-1.802593	30.450443	20.153463
-39.41138	43.81726	-10.361321
-16.140745	-51.34951	-51.271767
-49.093224	-33.800896	24.939966
33.73454	-47.634056	-19.58107
63.032585	-26.384617	2.7995648
-30.060009	-33.705135	67.75098
-12.831831	-70.19097	38.040752
23.707314	-58.572395	-7.3990226
45.302082	-12.603757	-50.43991
-4.315463	48.68757	6.338962
-28.8441	37.712982	-3.050487
-0.6523512	54.973797	7.292884
13.451834	60.852036	-45.321316
5.6003337	-68.84846	45.474384
13.399584	-27.172392	-36.94926
6.7950788	12.626738	33.723087
-14.892023	6.6391335	-48.59357
-17.292294	-46.98657	63.92542
27.528942	12.765037	37.720028
10.056692	16.878372	-57.72856
-68.58174	-59.704506	-1.4783869
58.471977	-24.162138	37.298954
54.172157	2.7965176	-6.7307367
30.937492	-40.424675	30.492584
63.265644	-28.266253	21.004898
-21.827557	70.54013	0.8234952
-0.05041319	-90.56186	14.7998085
-22.96532	-35.58842	36.81152
42.62036	54.748558	-23.904108
-18.588766	-2.1061046	23.97312
-10.082923	9.036039	62.53703
-37.661247	24.103329	-35.912098
-45.228752	25.31965	-47.036575
33.750587	-77.87766	-16.888609
-48.292496	-34.130825	60.98455
26.999166	46.54464	31.462137
-13.86991	-59.376667	40.07223
-20.519955	62.265625	-38.18521
15.972777	58.308273	-34.372734
40.057297	27.925043	36.03217
56.026516	26.410587	40.607594
-3.484582	-12.254557	-55.25994
16.99662	-76.85672	5.1600266
1.6258707	-0.5346275	56.03838
86.477104	20.906979	-24.424341
56.938503	-11.622755	16.557531
58.388035	-10.602349	-23.894379
28.763401	-5.4986577	-63.51026
-43.611576	-0.6853689	55.291264
53.355103	-18.569876	14.838608
-24.679508	-55.638332	47.36292
-10.777734	6.1031632	48.601456
31.78057	-29.140959	44.92341
12.41494	23.377302	56.565765
4.4715805	-8.105077	56.174988
22.282875	44.975513	54.684696
-32.038425	-0.28894553	41.075893
-0.9764931	-31.472933	-29.189724
38.039177	90.8676	-1.7017804
-75.06477	-48.539623	19.173237
41.037266	-7.6447105	44.12353
38.947144	-3.858594	40.161144
31.40534	-8.98461	34.98497
25.397264	-44.403328	26.650047
27.206951	8.038877	-4.5385523
13.195611	26.261452	77.60845
-36.287884	-51.55749	24.276134
8.208407	2.5301607	90.651405
40.752663	39.980637	37.564796
-45.52646	-46.74781	67.66943
17.737516	-72.07338	-12.855725
91.20321	22.13164	-6.017541
45.618893	-15.553003	-7.3597913
-8.681997	11.388091	-21.867025
32.315556	37.493942	39.98972
23.763458	-9.442684	-3.2457533
34.58076	62.470505	-18.499737
10.64545	40.149723	30.59344
27.429552	46.59921	-25.478174
-6.3652487	-60.733063	28.171196
-18.16607	-35.309742	1.8167342
-25.908392	-38.89989	0.80608237
56.87021	-23.562912	7.9490337
-42.271923	-12.973648	-49.04828
41.915436	14.8001995	-60.668476
-40.353287	38.55711	-40.881
37.81597	44.778587	-20.187872
6.0842056	7.698682	72.10775
-38.096703	-20.0957	55.52415
4.881926	-79.5212	3.2233083
17.152637	6.204528	72.26672
-5.0021205	-40.298847	55.73168
27.210253	-75.50587	-4.016917
46.504074	-19.852974	-1.2410293
16.911406	31.63121	-84.162506
24.425642	-1.6519014	-79.6065
-67.550964	25.948849	4.705852
-66.95396	6.7055864	-14.578435
23.554857	23.257854	-55.291073
-52.282063	-9.909599	-15.433146
-35.18199	-47.76922	-50.40225
-37.783142	-65.9132	27.481245
-19.471495	4.8901215	40.556076
0.06776976	0.73809093	-62.51949
-4.599697	-17.393286	-36.03021
-25.11443	-25.682041	-64.46445
-2.5532405	-35.658577	-47.830612
312.50006	-1.2113153	-71.57347
-1.3047552	-14.130398	-42.55458
6.9035187	-18.009365	-36.37166
-53.659985	-4.702349	0.013674062
58.71691	-23.986303	-5.902317
39.46499	2.1654654	79.31653
19.877949	36.524815	50.19552
-25.666403	4.8204823	-45.806858
35.761806	-62.249176	-16.679695
29.011148	30.312185	-91.81159
27.870153	57.134308	-18.399525
45.966652	-15.532035	10.922363
10.56283	77.04656	59.77242
31.17688	76.092804	15.149829
38.496357	6.327387	-23.482344
-54.33572	-43.575012	58.755577
-32.814034	68.816124	-18.18212
53.28809	66.17129	-1.0106144
-4.3261614	-4.6795206	34.533394
-21.896221	-29.341156	54.7533
46.998047	36.078537	37.701317
48.876534	40.999016	39.753014
4.6324286	-65.8095	-67.17819
54.51188	38.268806	33.93234
-5.282495	25.919683	69.973145
-29.489496	-47.855717	51.288597
-48.30625	-49.69315	3.2966733
23.464865	-47.55497	-18.593859
-4.8842406	-48.51558	53.23242
-7.2481284	30.084057	-8.941133
45.772644	-34.19194	-3.3797984
19.507282	29.883543	9.151616
-4.6896877	-21.196	52.970474
54.81103	-12.507832	23.831308
58.9369	-18.144508	20.41589
-82.191	-53.45901	11.04378
-74.74197	-35.165344	-12.986255
-35.05559	-35.349518	-58.9239
6.181714	-76.37814	-46.19115
0.030851316	-46.222298	-1.6240438
14.27164	-37.537056	-11.012487
42.27456	23.034906	-16.245281
-5.4958105	-45.310833	76.293015
-45.55032	-20.659237	10.7953205
-78.968346	-44.994335	-26.884083
-80.062065	-48.601723	-19.665524
-65.236664	-30.694647	11.492647
-32.87453	5.253957	4.3790693
-24.927036	1.4857984	1.3093992
4.952223	10.126072	-53.861343
-67.95486	-36.449364	16.971315
-26.526987	-8.075574	25.291752
17.90764	1.3045241	61.61823
-81.82461	-48.85968	-9.447213
19.539318	55.389603	47.123104
49.79105	-19.649824	22.570684
33.92765	-32.8136	29.356705
-18.791819	71.92234	27.955658
62.94964	15.839946	31.160892
8.819764	59.428703	-14.503768
-24.062584	-26.559187	-54.4425
-22.01244	-35.45947	-49.37403
-43.693676	-37.2423	43.23748
-10.660277	-45.663727	6.1267347
-17.751102	-28.328394	-51.50231
54.268967	74.79456	26.901691
-37.809696	7.1758184	-40.31036
55.57756	-8.062699	-80.31195
-35.008636	-15.108877	29.336172
43.961246	46.425304	7.9525914
49.711052	2.3006554	35.72794
77.22106	14.683377	38.629047
-35.957962	-55.20554	54.593857
-40.813717	18.729774	57.036343
-25.0221	-38.6554	53.951054
29.21585	-62.802334	-12.530924
57.404076	28.368614	-51.10737
-25.13544	14.548937	18.4892
-4.273465	83.0276	-13.793839
-20.294136	24.802153	55.620453
-6.035719	-29.57078	-55.81587
10.972855	59.126896	-23.003294
8.68289	30.687832	-60.96805
0.019757872	-24.861687	-52.755314
31.377834	42.57708	-8.18814
41.08923	-43.42953	-16.342684
-121.218506	-140.33197	-1.9778473
34.651836	17.543995	-2.7932587
-15.865957	12.132278	-12.483599
-17.096498	19.603374	-14.2825775
39.81938	-79.57349	-15.162499
-50.810276	23.199383	52.249214
-49.58743	-7.1479893	41.183044
10.156821	-1.7550361	60.00687
-1.5386841	-41.241405	65.745186
17.825022	-42.41045	18.706545
16.54316	10.547433	-68.561935
11.989119	21.915333	-64.19752
-77.6507	-2.5558267	5.5398736
-61.86198	19.538673	-34.916557
-51.914864	-9.415482	-40.277077
-25.109701	42.36546	-56.982697
-34.22478	-41.313587	-16.483976
30.831852	18.928186	-22.471506
-8.2510805	-61.049942	49.399822
6.21952	-5.0829363	-44.586685
-1.1973091	-27.201105	-21.985994
3.112103	24.615276	64.09922
63.651825	-29.479345	11.707258
72.702675	51.42192	33.12518
-60.561974	15.853769	-49.717422
-1.1524278	-20.65731	-63.418243
-77.753105	40.12162	-14.639148
-11.864225	17.46423	3.5416403
48.241093	-12.970383	18.184505
-72.28967	-7.5176086	-33.440342
-28.263288	-16.396109	-49.715355
10.83713	-54.06095	16.037632
-38.267296	-5.0118346	-40.289215
-1.3849897	31.040442	-39.209194
44.4871	81.69891	44.618847
53.983154	-17.1241	-13.584628
3.4881608	42.813576	37.009518
-21.254906	-13.382346	40.281757
34.08081	47.262268	24.428322
44.735603	17.483679	-72.99214
-26.336706	-5.461401	39.94505
17.08023	36.889282	-14.882656
20.464886	-65.994606	24.617785
10.258805	40.586506	-2.0798764
-36.2931	-22.540333	-56.678043
-13.820307	1.1775076	31.512716
14.537366	33.095806	-30.127659
46.88146	4.7833943	-75.046715
-51.899612	-45.09257	26.793205
-1.2779468	-61.46706	56.410385
33.55805	25.26485	54.030388
58.164116	12.325136	69.164375
16.04469	37.663986	60.50138
-23.32865	-66.7029	55.458458
-27.644981	-45.79313	40.412704
49.63282	21.349102	30.747839
14.995817	0.96147245	-45.35459
-23.419542	-62.246758	18.273508
51.92942	-39.951378	-27.303831
-24.500298	-36.98142	-20.102722
-9.7440815	-61.68411	-11.734242
-12.36171	-50.670033	-19.205183
-20.466274	-10.809811	-29.445898
-61.768513	-46.071194	5.8990526
-51.506157	-43.16304	-36.549393
0.04371007	-54.7776	-32.965557
-61.370564	33.315674	-10.928044
-86.937805	-10.988115	-1.886889
-16.859516	12.21681	-62.75188
16.040176	58.113247	-75.54653
39.62503	50.55442	42.654484
44.75715	-38.750076	-9.871486
-7.445409	36.0267	-47.226
25.094074	-6.7540236	14.720359
23.071259	-0.31960946	9.520707
20.599293	-5.648277	11.968849
79.83103	-6.246057	7.339025
-39.25687	-10.821455	49.1175
5.639807	32.97089	35.732132
-33.633076	6.932776	46.954624
25.984526	55.546078	56.16645
71.19513	6.2759337	-22.17738
43.196487	21.959276	67.15979
8.225611	41.18821	-34.22588
-57.41885	1.868263	72.655235
84.68978	6.1404724	0.69389725
22.077276	-82.992035	-16.13425
18.763058	36.299572	-49.871964
-22.925062	57.90182	5.769585
3.9504673	-4.3107963	29.132006
-26.839361	13.275368	41.283287
37.093475	9.961754	-33.735176
-9.97499	72.50943	-5.536453
32.38738	-47.708164	28.743214
-33.0691	-6.7896795	-51.500767
16.83068	58.282837	2.7756891
23.563616	-48.890774	33.949722
13.163539	-15.574203	21.227013
-12.041315	59.05034	28.541452
52.478817	-25.114456	1.186009
3.630731	62.113747	-25.442379
-30.341234	-37.633755	-72.318184
3.6211722	-47.13758	54.872856
54.105457	-35.822178	0.98580503
-9.490526	-14.387916	15.358875
-10.071524	-70.641304	-38.898792
3.4578013	33.999725	71.79
-41.605103	20.919886	49.95981
-13.9184475	31.039366	-76.93526
28.99616	80.41834	-26.22631
11.932972	13.218154	81.202675
-30.87344	-2.4422326	66.91279
-2.4469488	-55.786648	48.715206
6.987775	22.115328	93.62183
18.88168	8.92775	54.62198
-25.707266	58.071255	-24.76499
-40.760986	-9.174193	34.11346
51.915127	41.834198	-10.1908045
29.912708	19.780884	-71.38857
-39.173626	27.446054	49.94003
-20.798927	32.13471	16.323309
37.26464	-12.3195715	-6.095845
3.3459198	33.5	5.198892
7.495887	-4.5443387	49.602528
-3.3086214	-48.431168	34.57763
-4.072448	-64.71478	40.08603
13.500038	-11.721446	52.79395
-39.72043	8.837875	38.09666
33.594936	30.107021	-8.041414
53.790466	16.926613	-53.287678
39.580257	-2.4520028	-86.28776
47.794285	1.8544823	-40.120605
65.7527	-35.755066	-19.592638
-13.21002	-41.659744	-46.14566
23.803192	42.30687	15.697346
-7.519627	-41.16772	-56.611458
2.2483432	-34.676758	-19.523054
-11.585895	-0.6755613	41.906315
35.181828	66.99694	24.501629
0.6168895	44.95481	-1.7420915
-21.944141	-27.17113	-15.701195
2.8402724	-18.995821	14.432375
-82.129845	4.6989803	19.745558
-53.154472	-32.13773	-1.6127537
3.7886455	-2.832302	42.843197
27.348534	62.254436	-40.02485
-86.94676	-54.878197	-16.282736
20.982746	14.820464	-25.074825
76.139084	-41.301216	1.2062156
44.070232	21.481403	47.46362
-34.425446	-11.681768	60.109467
-49.115154	-14.432278	36.17019
57.139328	-16.28317	9.050108
24.372898	10.019599	89.3606
-4.030249	-4.4708633	42.332355
-6.27885	-25.128002	19.82522
35.90154	62.132835	37.15281
19.0346	-55.923904	-40.8048
-42.581703	8.425012	48.934406
-27.766207	-44.797543	66.21375
-55.250317	-23.563938	4.2214966
-8.08706	-22.03042	7.644675
34.3583	61.00043	1.8783674
-16.476727	-61.877037	-58.301544
45.175068	-36.178463	31.912745
-78.13929	-43.39039	-14.881313
12.8724	-6.447842	43.161194
-79.94149	-31.80267	-31.365135
-70.32053	-43.439465	-29.444435
-34.589752	28.153587	41.267895
2.542701	-10.726072	40.112934
60.870712	-21.24069	14.241695
35.57417	30.99594	76.24258
22.783113	-40.48031	32.414795
71.66429	-3.169848	44.219086
-32.156647	-54.745064	68.26263
3.8452706	-24.541502	27.858337
5.236872	15.714502	57.62387
43.502117	43.429146	-9.587881
41.2326	47.718212	-3.2611046
-75.87135	19.009539	36.928497
1.1512396	-62.405674	47.643982
-5.531245	42.070587	-57.148903
-8.16287	28.414907	49.00474
6.91162	68.09614	46.297237
-31.127855	-48.45149	58.86424
52.591312	19.046267	-31.677032
-44.465725	-5.4430385	64.68626
0.0040833857	-1.7827957	-1.6663114
38.95971	3.2337673	-5.1232953
53.019512	-36.707977	37.138035
15.196783	8.011046	4.1271334
-24.170666	-74.28777	-45.50836
1.4366522	22.673079	-65.66174
5.6565022	45.681324	3.960288
-20.599787	59.023285	58.275387
73.045364	46.580074	-31.73759
-36.723515	-1.0811504	37.258797
32.709724	71.44628	56.76355
-5.262811	-34.399532	45.014557
-42.083324	-52.434708	-15.280034
-17.060787	-17.860857	-10.221668
-18.886171	-19.783842	2.285315
-4.6350675	-19.26442	-12.618762
-1.9182746	-0.9028244	-75.71957
25.113297	-13.980086	-76.076645
-65.028496	34.202946	31.726938
21.455036	50.14045	-38.808254
-9.515212	-2.8941898	48.558826
-46.427338	69.7081	10.008311
-47.43129	-11.657195	-87.87248
-78.07216	6.11474	-23.639822
-14.370977	-55.051025	51.57248
7.0124574	14.982428	-47.630276
-27.839872	-1.2713221	56.141953
-32.075104	-0.86268795	50.03917
-9.53145	18.990324	-66.37094
38.122086	-25.239164	-47.681393
-37.723404	39.852997	32.168118
-46.39718	-42.841854	58.12357
23.879921	16.472569	52.7688
0.08292994	2.328317	-26.103409
41.75329	-49.347	-8.357847
-18.2454	37.6675	-9.254774
13.910671	54.088364	57.129364
6.202231	-46.28909	-11.427095
47.36415	26.024647	-42.186085
25.409477	40.265923	45.73925
-19.866795	-15.548004	-70.961754
-63.782063	-14.325002	-48.187916
21.446846	-9.976554	-55.988125
11.048522	4.280883	48.88417
-40.838524	-10.73704	56.83799
-1.1824919	-47.997826	-46.65305
-1.547743	79.43701	45.88651
-2.5132258	24.747091	-76.43818
-7.2858467	-55.151512	1.0726744
68.50643	-0.94250125	-9.672627
5.5194497	14.901568	66.39633
27.750307	79.582924	36.5359
-45.70821	1.0370078	36.655983
63.14362	37.623928	-6.699384
-91.583206	-1.3354297	-19.177597
21.6468	-63.60852	45.055763
-63.873146	16.891462	22.229555
11.652762	15.268615	-29.952137
13.4436865	-35.536053	-72.66553
-10.656152	-7.983643	-38.050304
-8.371882	69.535866	-56.224888
53.547344	66.82396	45.156757
-22.204184	21.369654	-25.68481
1.0850914	54.969715	48.689613
-146.80559	169.2292	23.676598
102.243355	-53.138874	-8.204057
32.09555	-16.45125	-63.3113
-10.405105	18.040445	-83.08557
-24.168257	12.535574	-2.083466
63.833797	-51.985092	19.88095
-1.5214034	54.144985	40.71958
3.9204857	-87.15473	6.133817
-20.11773	-38.91864	23.421629
41.049774	-19.885813	28.905561
-2.3304043	59.694485	-15.265198
25.367825	-34.063896	-95.44077
29.277752	-41.928936	37.64711
-46.60545	-39.913746	-50.05858
-5.706073	4.3655376	-11.269678
-21.830698	-15.305185	-21.911945
-29.568157	-27.594313	4.3194575
32.236332	39.27394	-28.637049
38.282173	-36.789726	33.15077
-10.956864	-25.744291	-47.810387
-34.74925	-74.54804	14.842836
-18.368319	36.03427	-39.869926
-69.25671	21.237707	-10.338264
-45.49449	-10.169907	-6.9491615
-81.29614	-41.176052	-21.476189
-67.782394	-63.730103	11.12743
-14.55228	-52.070656	44.77139
-49.850426	0.44398963	48.307663
33.19877	-17.47678	-88.616356
32.446445	10.025947	-81.23087
15.393921	-15.634657	-90.18807
45.168377	15.284689	-40.111824
19.004992	34.664658	29.06467
2.0302255	-14.111048	54.697617
27.366392	4.7208147	45.02716
-47.344242	22.261728	69.01398
-24.289392	1.5089736	48.063446
2.1110296	21.856195	-35.71055
8.295233	-45.55822	-37.383904
-45.758522	-94.936775	-119.05778
-34.60632	-2.2305222	-28.614647
17.287931	-0.95605713	50.51901
42.541817	-2.6312997	-61.111435
-32.492596	-23.040125	63.829266
-17.065079	30.160715	61.272358
-23.482958	-49.891293	33.772358
31.593029	20.63189	-58.06197
50.92389	30.66397	-22.009922
-27.058077	0.47148865	-81.94533
-48.73615	-15.814698	46.768917
-41.976902	-21.597961	46.85741
6.335108	52.016487	14.959836
24.45667	-47.64395	-32.556908
-24.225546	-26.2248	-41.154957
-9.411731	61.014606	2.408384
-19.26672	-60.164143	54.350246
-3.5318856	-13.828975	46.843117
7.685959	66.2041	-34.96732
58.73132	24.178478	-16.999733
20.79281	33.5075	-55.704796
25.070486	-17.445414	-51.37898
8.319964	16.356144	-72.202385
33.948086	46.332394	35.43048
5.708064	-27.224028	-69.90238
35.683754	24.08725	-81.39813
7.0808663	-52.776505	36.017963
-6.6984334	67.23739	36.553436
-14.842128	66.27788	14.573003
-52.219833	53.776398	12.26234
-0.6082255	61.790447	11.285476
-1.8288885	38.748413	27.01353
-66.39211	13.98775	-63.433113
-16.197437	-86.38575	9.856111
-2.3260798	16.088705	-52.761776
2.2565413	7.525238	61.28718
53.620407	45.804684	2.368191
-3.4250183	14.364727	64.45093
-39.870667	-48.34425	-65.00026
71.755844	60.30754	-1.5594605
65.72229	-14.403944	28.455965
25.014666	40.67722	-33.167706
-15.062922	6.4756413	-79.079254
-1.4231632	-54.530598	-57.795647
17.488539	-26.571861	-49.576023
1.9857308	-19.81181	-28.130096
-78.771	-7.4863296	39.644287
-34.600548	-17.9772	-8.480619
-4.319325	-42.03567	-14.947093
-12.1348715	5.96023	8.214209
-30.294514	-34.214424	53.589756
-5.561888	5.3200345	-44.063972
1.8533098	-35.39964	-8.688879
-23.53221	-29.756775	8.545016
-56.606117	33.31972	-44.25217
9.486126	-10.288475	34.79586
27.670042	-55.193115	26.347729
-5.807733	24.73457	35.446766
-13.463447	-38.43119	67.48784
-21.047909	-36.941586	-34.18741
-21.233025	4.2005725	-56.45471
11.958868	-16.59167	-25.8184
-29.625185	-28.72757	29.367085
-14.332056	4.2502637	86.81264
52.32189	52.975147	46.21478
49.172943	-24.736153	-7.581855
10.977152	-32.94788	73.252014
51.220207	74.93624	14.490254
-30.276388	68.334694	14.090098
17.470638	14.54025	-7.468816
19.334948	-4.485323	-68.882576
31.400423	-2.0714548	-23.466743
7.178061	-54.67758	2.7657537
-14.999315	-31.883995	-15.651021
41.518448	33.322613	42.820488
36.502686	53.529987	-43.920692
28.050798	-27.957832	-42.514523
28.23749	2.56715	55.60943
70.38193	15.585183	-58.04791
2.125326	13.352755	43.29585
2.892191	11.674223	-17.435963
-15.927715	-4.3946257	-74.647
-34.930508	21.732635	48.30433
14.412873	49.279316	-0.44452742
16.329775	0.91715944	-10.321579
24.234777	50.49083	7.5550504
69.93419	-6.3733797	-23.423492
-48.389065	37.887394	-31.329723
-14.681939	16.555014	-31.082617
-24.349762	18.928	87.46452
27.883587	-68.20549	-21.41786
30.473036	-61.253056	22.251417
-26.586369	26.257572	-51.09185
26.479475	48.55601	-51.36719
73.37198	48.829567	17.350449
-70.60424	-53.390846	7.897601
23.353106	25.782047	-27.59953
6.3295517	-27.895458	48.485386
-42.72957	-17.85619	18.329943
23.157257	1.9521006	64.323784
-4.2251034	5.653052	-53.669846
6.6164	-34.18843	-58.517467
32.63149	43.045654	-35.15289
-46.99148	75.66924	-23.341362
70.764366	15.174	0.56041
52.3159	73.927376	-47.0697
48.81636	-55.369408	-35.32316
-44.490803	-6.4900336	47.747116
-46.087128	-22.17364	-36.298412
-5.225094	43.334576	-71.50091
-0.7807868	-14.192016	1.9622437
-36.111954	-24.527065	-31.05579
-7.335372	-39.231	-4.5223417
-12.883835	11.186923	-39.042557
-1.1186664	-37.035915	3.57918
-22.337103	-4.0553803	-51.761803
-53.52373	-20.441757	59.583084
-57.39065	-0.096714504	40.506874
-76.16897	-21.062712	5.2938423
0.48693106	34.011898	-16.913893
-39.884895	-12.379791	-30.67828
-1.3220228	11.932844	87.74078
76.491714	21.940443	-24.85445
26.544144	26.182346	-40.22056
26.556597	-4.0457187	-95.570946
-9.50429	2.7222645	-66.29162
-15.875355	-11.734644	-3.6092744
-46.005444	-0.25205585	-50.28354
-39.91341	-1.3349407	-15.010479
-63.256012	-13.301236	12.05972
-34.917286	-36.10395	-3.8516333
-36.85405	-44.505432	-6.075093
39.512547	48.27317	2.6940289
-69.15137	-21.037865	13.045821
30.120937	37.34292	-19.762594
-36.32583	-74.66169	-16.06461
46.645233	-45.572914	45.55041
-64.11137	54.212494	-19.580267
-10.289396	-34.29013	-30.85289
-16.533081	23.009268	-3.4241703
10.689209	-1.3302858	20.632809
-3.2913485	38.867035	53.119774
30.008806	-85.588905	-6.43162
-29.634151	-51.740086	-78.064285
3.4264395	61.776962	22.458487
-22.273088	63.60268	-63.625656
-42.96613	40.383995	12.600003
14.144286	-14.207	-49.225605
38.56216	-39.33695	-37.35613
16.821022	8.766703	31.38621
-10.190077	-10.962624	4.384854
-2.8682408	-47.575546	45.27439
1.3155613	48.274815	-12.638319
14.475863	-63.47511	27.144262
-48.000637	-21.297203	41.45898
59.152702	-9.160666	1.4730295
-38.2857	-4.7647004	25.592747
-33.452473	-29.639116	-1.6059757
8.931375	6.9017167	55.43369
73.99081	6.263353	24.820805
-55.112045	-0.71206605	59.737007
-13.455547	24.422853	23.528736
-9.601473	21.413382	19.571768
33.091164	-23.834953	29.854126
-13.121023	10.692907	20.125439
48.255775	-12.85732	-29.376501
43.56498	55.127686	-1.2945726
-9.84292	-51.003304	60.779774
-29.214535	-33.565895	16.2489
-7.632839	30.079506	60.84769
-0.5318742	-42.834476	-28.17861
-4.3921366	8.269355	73.84106
56.977024	33.608906	4.724642
12.813028	57.756496	26.479025
14.756778	30.384583	55.323936
86.471275	-21.05103	24.544975
-13.3036375	31.034204	-19.695263
9.991567	-36.88885	-47.535732
-34.892338	4.71644	-53.35155
-21.67839	-62.704952	-19.331816
19.492855	28.93743	49.237972
-23.730713	-44.682438	58.670464
-9.096084	-30.514006	61.867878
-59.7605	-44.60491	-20.915422
-34.85313	-31.636658	50.502705
41.575207	-27.993048	32.046238
-28.326765	11.746063	30.202482
-59.59994	-17.28866	-32.75127
27.728067	28.923752	-46.111973
52.679134	114.185555	66.17543
-9.796871	-9.71739	-62.15579
-7.2855043	-17.921911	-50.900665
0.05671166	-9.884315	-32.41694
8.408223	9.445899	-62.665432
-15.729899	-27.164577	-2.9571967
-51.05162	-37.059975	14.71504
4.8546586	15.960034	-39.8345
-60.105225	11.862153	53.389038
-40.302223	38.73318	61.697636
-82.70892	-38.804337	19.89365
-59.457115	2.2177627	-6.1407323
39.073303	-42.115128	27.78396
6.25524	-16.79216	48.364655
-33.262188	9.8984	72.88593
-30.418411	-38.713726	60.277805
-18.845066	-3.1281824	64.85789
0.4412189	0.21063831	-37.089108
7.384309	7.416024	-36.124184
24.755754	9.620242	-40.83999
-8.864367	43.24984	-14.158639
19.066645	-20.485867	-16.917511
1.1186566	-11.890544	-9.484154
13.801102	12.409742	-52.290318
-44.31176	-63.80138	-22.80618
-33.323074	75.2113	32.394386
63.398804	64.9234	-33.399353
40.288475	72.21195	-26.127903
-31.170717	17.759726	42.394466
23.655811	41.908615	-58.83736
69.68564	-22.639107	-26.733076
-14.675126	35.38641	28.195648
46.563507	39.823715	-50.834408
8.006283	50.489906	32.030415
54.31076	-42.23979	-46.666702
-7.2105937	8.885318	-32.84101
4.2409186	24.613127	-25.551857
13.414998	24.529867	-26.040438
2.5308275	22.655598	0.4839282
-25.03909	-13.814098	-39.579643
-11.424955	-18.879385	-29.220057
-12.101355	52.067196	-60.67701
2.6268601	30.149553	55.228474
-4.730739	14.973348	-40.82311
23.744171	24.765083	-2.0216067
67.6378	-81.473656	-26.672115
-7.1902075	37.571445	-1.6400012
-3.1135705	21.935064	56.265644
-9.142629	-60.417747	58.331112
-25.911573	43.349472	64.74623
-11.820433	-11.075062	61.87917
77.79966	56.038548	-20.156353
-6.4561763	-69.39492	-53.346756
-46.649834	-39.443367	-18.278824
28.171364	54.543633	39.993248
12.725157	-43.15256	0.4326617
-25.159885	26.8423	-13.633891
49.278824	45.603786	-19.981567
45.973396	31.940002	24.357395
46.793533	38.11932	14.938139
48.571144	8.370068	-29.44259
-46.67897	17.05854	-30.978848
-28.267271	3.698736	-35.26546
12.882252	3.9047165	-25.319948
-27.444883	-28.271574	58.308186
-10.875234	53.957947	11.596342
-14.748016	45.378883	58.196243
-5.6702557	-48.56733	68.535835
-41.8046	23.10577	-64.51986
-0.51247865	-9.028546	-66.91053
-55.94964	1.112813	-61.562637
31.904888	56.799324	68.75392
-12.811666	0.11187738	56.30709
31.602854	29.160131	-55.67098
21.214794	-6.119531	-45.714275
18.12155	24.993206	-14.302623
11.3210125	-6.5125284	-51.129383
-5.812483	-18.653679	-23.05665
22.809692	44.81653	-11.809886
-14.551249	-25.652794	-11.098142
8.292091	-23.85244	-55.24944
-75.02815	-13.67806	24.955505
-3.6485348	-32.29178	-64.985794
-26.63997	-48.810738	0.98633605
2.2475598	32.520832	45.65991
-24.422401	-46.347294	-41.189903
-48.178608	-18.971731	-23.303205
-47.878864	9.200983	57.40947
-11.223106	-71.08626	61.4716
-21.871147	-58.27802	-35.1327
33.80905	74.10621	-58.59773
21.220924	11.6562605	-58.87322
-2.9288583	11.314822	-63.40758
38.242825	24.340143	-23.187853
23.890646	34.81535	-12.036053
-16.53007	-41.638317	-24.083748
-4.3953595	-26.15469	-42.616486
-26.925274	-45.513435	-28.927908
-30.222137	-13.370893	-79.696556
-39.61341	-27.031782	-17.472048
-46.286224	2.182579	8.941484
18.741669	44.613895	34.198082
43.68942	12.7292385	3.9435856
-78.72259	29.547873	22.105656
47.268112	-9.76958	-0.1362995
-29.762348	33.43089	-40.94595
22.782934	75.81949	-46.90102
10.338675	27.080133	-37.710457
-54.31058	38.675343	2.509861
33.187943	-11.603493	-49.53056
15.669238	19.270329	36.74775
-2.2733958	2.5626562	45.776302
-39.793167	25.701479	23.026094
-32.037918	5.0367017	-20.615145
-34.854504	-27.194044	75.2743
-57.16691	-33.697395	51.81224
-4.7728195	11.614602	54.398792
35.07215	60.86911	-68.48898
-13.985475	-0.009544335	-46.788868
-8.582895	-10.521088	-83.73068
-7.583558	-13.350273	-73.54295
-10.692399	-22.997215	-69.21695
5.1155066	-1.9997605	-14.308613
0.16678345	15.454483	-94.63177
56.94895	-5.002332	43.27236
78.52189	31.416729	28.573614
35.897015	36.73881	23.826979
28.137737	-14.137916	-20.566652
54.389694	47.674072	21.461771
39.29407	60.66266	-54.7108
-17.838522	85.95978	-5.9096293
31.433737	10.641679	-62.916782
55.57418	53.498535	33.016453
4.644107	62.732758	59.12208
15.086187	69.14084	2.2496238
16.202677	64.66	10.162942
70.59314	-0.062855944	-36.501793
32.73545	27.391506	-29.983387
4.1307855	73.52169	11.7296915
-74.64672	-26.344856	-55.881626
41.22944	-33.21946	48.040188
23.757076	71.801704	-32.27192
-65.58392	-41.50254	-12.608689
-62.089657	-34.187008	-10.549265
-63.054985	-48.92178	40.44311
-20.719559	6.1249843	72.495995
34.58794	-13.1416645	75.368835
-4.3159666	23.004839	-57.120262
27.37992	-14.871114	-39.873066
7.5096836	-67.402176	55.77324
-14.505661	-35.867065	5.980368
-24.239752	15.992298	-90.2712
-56.48404	-20.219643	-14.196208
15.809929	-6.6720304	-18.846647
22.446552	30.675068	23.555988
20.444172	-70.58531	-37.257915
-58.27614	-23.953602	-76.27569
-24.707403	-17.321781	31.513931
-5.029529	-14.579339	30.79546
19.49579	-7.3801365	38.200825
25.491829	36.539772	-45.24651
-86.770256	-27.545502	10.19304
42.499256	-15.717659	-39.25062
19.308605	17.912086	-48.458294
15.239975	-19.82605	-72.84735
53.46402	-24.69911	-29.184912
-82.08754	-8.059923	-46.35449
-31.74262	13.747982	-30.574205
-63.284184	5.164596	-36.480164
-58.50049	13.98701	1.1362737
-17.277254	-16.380533	-35.72526
-16.350306	-22.206057	-24.128714
-5.930879	-24.557566	-30.274841
-45.52882	-20.360722	-7.6318917
18.207363	-32.556732	5.5377
47.99645	33.377464	-81.290085
41.18978	-22.910728	-16.526478
7.557027	51.109406	-31.42076
18.109217	1.4296728	3.0281627
-32.119343	17.145191	8.017576
24.013384	-22.866291	-31.715092
46.803413	-48.550175	-58.973206
-26.600948	-5.091062	-40.912777
-39.37872	1.9518443	81.80032
-57.70263	-17.870922	5.8570695
-62.0289	-23.531229	5.750312
-0.32859555	83.96511	21.050627
11.379773	-29.524137	15.840949
-36.246017	-6.998174	44.7092
-9.928419	-11.495843	41.0078
49.326466	-24.46877	-56.299057
-17.798359	39.25779	-66.82554
13.945074	3.497143	-90.15804
-49.23461	12.401209	-42.69261
17.67969	-59.000916	19.478283
-25.59478	-17.445448	68.78385
-11.238876	10.168458	37.01741
44.061604	44.187458	52.175243
54.52489	53.92648	-6.9555535
59.968304	11.523691	16.220486
-7.899064	90.78106	9.771853
13.017057	3.5995154	6.1875496
10.757062	85.35394	32.632324
40.60646	67.9745	12.397278
-0.5422608	-29.865944	10.982387
-71.74501	-35.267586	5.2133236
27.475046	32.936275	15.868218
-7.2511272	-4.7274747	21.98381
43.6958	-8.743567	61.58549
-74.66397	-14.769562	-9.774393
37.873955	-37.74045	-50.892406
-25.97369	-20.863054	-12.917476
-15.382249	-31.322094	16.463518
-29.97221	-31.636696	-12.8472805
5.237804	22.442732	-52.561764
31.537771	21.274061	-48.476917
29.96371	64.25444	10.170738
34.70471	-49.296154	45.856586
71.47422	35.27594	-16.06954
-14.776306	17.139528	-43.203163
-36.65712	49.626743	-65.35623
-26.215054	-57.140743	59.105545
15.592047	38.094257	72.85396
27.302036	48.94445	17.169512
45.210518	31.093575	-58.0751
82.2287	-14.856605	-34.990177
12.44208	45.583775	-23.836285
-46.518772	60.05822	-18.148037
6.707297	-70.034225	-31.540543
22.851158	-17.33743	64.797714
30.133886	24.456924	42.63374
13.77855	70.43757	-9.418469
8.756508	-10.62539	8.513092
-15.790625	-42.653374	-4.218932
-24.050467	-48.672894	-17.112467
1.3826332	-11.415022	-20.477081
57.231503	51.579453	-52.426285
8.242731	34.243885	25.655468
72.42911	36.14321	6.5231814
14.6770525	58.127617	-6.41824
38.84325	18.027483	80.88878
18.662882	60.661266	67.60157
25.896229	11.98261	-50.080673
-54.264122	-31.39448	38.829666
60.70063	54.374294	7.1573906
15.836435	47.543438	65.46433
-25.359789	82.97421	8.7221985
53.232265	51.34383	-29.514748
45.39125	67.61342	29.136868
9.5753975	73.21831	-52.992428
-21.73361	8.696788	56.341454
-4.956478	62.33727	48.669994
-46.97986	-58.013462	-49.969658
-37.17148	12.460401	21.697693
17.62018	41.33712	5.1203227
-0.74945694	21.932127	39.48661
88.25471	-0.9437198	19.683996
-16.748123	46.88463	0.8586124
12.672534	4.1687407	-76.20544
-59.290493	-11.568896	36.569714
53.1174	17.024893	-20.681559
7.7643843	-53.943993	65.01522
-9.193906	-1.0887426	70.20832
-15.710005	-52.17801	34.520004
8.750259	3.070065	-106.46518
17.354296	-17.737131	-59.87396
-65.13745	-0.22407596	50.28559
-0.1629777	38.839993	14.058473
-41.930218	52.49864	38.66139
54.667645	1.4358763	55.369934
-8.754015	-51.71112	-70.12511
-10.138891	45.869083	-39.418926
30.700912	-51.5247	-60.991337
-47.843685	3.3913424	-34.036366
-62.599983	-14.278585	23.121864
-14.655607	-9.221344	76.07297
43.69728	52.29751	17.670652
-36.054108	2.3138099	53.14901
-89.33916	-45.051678	-21.438251
19.310764	-53.72167	-81.82775
20.345266	-54.952824	12.555253
3.1529553	-32.638695	-39.112984
28.050196	15.501699	-33.63265
-66.299934	-17.123592	2.4191184
-18.450317	-27.146973	39.394154
-39.479897	-44.6182	-26.902
25.307558	-6.2722487	46.64905
63.27951	11.951998	-73.2806
42.161076	65.75084	-9.781456
-19.706339	-2.6476374	-33.183018
23.335653	29.75869	68.768974
9.040758	-2.2039456	40.02763
-28.350235	43.683884	48.286396
58.761555	-52.431934	5.312132
-36.271748	-24.984118	11.30924
-32.961315	-30.703445	-45.166412
-52.175884	-47.250195	-8.104494
-71.52653	-3.3159604	-6.561658
49.596577	67.99629	-29.782078
53.67087	84.99938	-17.911184
-11.468414	-48.227875	-30.720778
84.82751	1.618843	-27.406382
8.768081	80.45372	-10.317247
-52.24515	-2.138262	-74.52048
0.7997271	32.56245	-54.929092
5.8493223	40.10721	-63.134163
46.188625	27.181911	-30.32681
10.853979	37.630535	-51.31391
18.773115	67.95503	54.328957
2.743111	71.64684	0.46159494
24.597996	-34.216267	-52.894966
25.858177	5.020941	-28.616552
34.63014	57.499332	17.280354
-31.88884	-56.25751	-24.278225
38.852077	27.592985	-67.77571
-37.444275	4.0880723	60.865143
3.9879644	5.7008905	-46.18125
44.040035	-34.012417	8.237033
-59.474247	16.058666	-21.309273
-1.3767847	-66.02858	31.172342
25.105991	59.359158	16.09019
22.984262	58.03038	7.501315
-24.212067	-20.069372	48.065964
32.265568	52.853172	-22.340311
-18.308489	-18.378654	-47.68955
38.547123	-25.22508	-75.97689
55.260452	-8.838473	-39.72705
-11.481423	20.01983	-2.8360174
-18.482122	34.4705	3.5495062
-3.3526735	4.0757046	25.464182
-74.4169	-48.62518	-12.952787
-9.128464	-30.016195	4.8942204
-8.648878	-19.464746	-4.1685925
-21.650665	45.749146	-45.164356
4.034388	19.854647	73.65371
8.011952	-42.70359	39.47706
-8.759513	28.16557	-91.362076
12.517009	11.846405	43.070698
31.639765	35.08316	33.51753
6.7206554	-33.05944	56.9074
-27.80618	-22.561104	19.388678
1.186063	57.72917	-81.69748
12.827696	44.015297	51.62623
-49.98906	-14.007967	-59.01225
-62.901745	-50.30899	-4.0937433
66.96276	64.78576	14.815081
24.730324	-27.577549	74.345215
78.05907	-6.5311294	-49.557465
-52.241295	43.78029	-17.834429
62.634792	10.9976225	-12.768197
10.56057	-15.112113	-13.292829
-61.461018	-11.600695	-7.6071186
-58.16086	-25.323961	-57.106426
-50.890152	-29.445099	-12.480711
36.237465	87.827194	14.039709
-12.479346	35.627316	-30.622604
64.61847	44.820328	44.01979
3.1913579	84.79108	-29.709932
-20.477766	-39.384315	46.547245
-57.617184	-10.026197	49.939354
10.438579	-36.589695	-30.118444
18.031452	-19.968311	8.232223
-65.24558	40.341785	14.324104
-10.741283	-61.38814	-25.654924
-43.092632	9.968158	-21.43288
-43.729492	-8.364609	14.01824
14.894312	-63.844475	-54.72832
29.946665	-4.1602182	-36.215183
23.85749	11.7345295	62.51256
4.915758	52.98363	-21.399157
29.747013	5.20094	68.09924
14.737358	64.78819	-26.145412
-23.839218	43.654537	10.068722
33.900032	28.068607	3.2968163
-5.804578	-54.574398	13.575187
12.478452	-7.817668	-79.443115
-7.256369	61.029823	-70.59559
5.760664	44.13231	-80.39692
24.617235	-28.937977	-79.83157
20.204325	21.872162	-44.338497
29.372887	-39.608433	48.332077
-14.45803	80.9856	18.3319
19.651625	-0.47374454	-35.84284
12.323658	-55.647427	-27.007698
3.2401645	-21.164127	-17.845036
-9.266435	4.3527746	-90.78424
10.516942	69.92125	-18.273415
58.996452	24.957798	57.929092
35.100597	21.698738	-37.661224
-15.419395	-35.077618	58.253532
-5.6013618	4.809719	54.75146
5.596627	45.460484	46.978386
-39.320736	-0.512975	45.18549
37.809784	80.881454	26.784775
21.0565	88.78122	-36.64957
23.047382	50.37945	24.995424
25.7156	30.589819	-65.00488
20.442574	-38.77916	-41.443577
-8.661163	17.22097	45.700466
15.721077	-40.422287	-60.752377
-61.23773	-10.953438	62.34245
-35.081173	51.845425	18.83363
15.609819	45.79704	13.861781
-20.324154	50.55641	-75.134766
48.160896	13.805233	57.256847
28.513563	43.97108	76.31444
47.25802	12.70139	-10.893332
-27.443213	41.20004	23.17041
38.73556	40.116226	-42.158016
24.309362	65.47692	-1.2835454
56.305305	11.669829	-41.567665
26.697077	-5.1167183	68.744255
35.389786	13.338317	58.889076
40.231625	31.21052	13.202768
28.13041	12.263941	-94.316246
22.971285	24.8001	58.34196
-24.11953	6.8279223	-69.80159
-11.66924	76.87796	-35.815094
86.81992	-18.972685	-19.461323
52.94754	58.95558	-18.197834
-47.31733	12.112989	-56.525475
-44.75554	-27.86352	-1.78372
-51.95954	2.573639	-17.004198
-20.243551	-54.964764	-7.650279
-69.41669	-24.616125	-3.118309
2.6007063	-43.50688	-65.95403
14.503252	21.300638	-96.96496
-55.439064	-5.9493012	14.503916
57.95864	49.92003	59.52739
36.753613	58.834557	49.38577
-21.960943	-11.442619	-12.948151
-47.55222	-33.12698	-66.989914
68.13892	37.040455	-41.307037
-10.04828	-27.584173	-20.007168
66.019936	-33.255116	-37.019672
-41.922215	-3.613449	-62.74859
-85.86925	-38.33558	-13.621485
-15.37466	-41.578384	-13.535512
-56.013565	-52.978817	-20.087772
51.59784	-27.22172	-42.396183
-89.955154	-47.011154	-3.677862
-58.225918	-55.756245	7.023986
-33.90161	-31.668648	-89.642365
13.375988	-52.388138	-66.14396
9.320653	36.826164	50.24237
85.107735	45.16446	3.7015107
-88.68037	17.804531	12.125704
-34.833458	11.968491	-63.13977
5.4940286	24.592075	-12.708734
-26.333328	28.809505	56.087017
32.944775	15.575314	47.570343
17.41223	18.368696	69.17066
-16.248533	-32.55676	-67.082886
-1.6947137	-20.431883	-96.10993
-67.71035	-24.051569	32.187305
9.449807	-30.93658	-86.260254
13.382136	15.448226	-18.061686
2.6283092	-25.71216	-58.642227
65.9119	16.322422	-45.53205
26.3157	12.829101	76.49267
-23.133408	-75.28543	25.377155
-73.898796	-11.695977	12.194188
22.63353	66.249466	19.982172
-35.318012	16.503431	-48.3875
85.62343	-21.480255	-0.48314652
-56.20851	26.530224	14.636777
-29.583834	90.38905	24.308039
20.857218	-10.378541	-29.192764
-47.996204	-11.040425	5.121498
-56.898403	33.081833	-64.40576
-55.651783	-58.633278	-5.9341702
-21.831135	18.89135	-74.68748
7.724672	-27.280779	-25.389809
-71.26409	4.2163725	30.260527
-59.04405	-31.404387	-21.886305
3.7064927	-46.855526	-79.627945
36.08102	34.707493	63.890984
-77.30325	-29.828966	-37.049103
-82.45804	-32.351875	-22.205786
24.974783	36.97024	-1.3478731
-0.7114972	72.14379	-44.39513
3.5476677	-20.00575	38.972584
10.774237	24.351109	19.903128
44.583588	24.226107	-5.5340734
52.105602	29.985636	-10.532013
7.8178887	29.758356	11.41571
10.363506	40.796562	12.14617
-33.274387	41.649414	-83.39628
-79.59521	40.295097	4.673949
-2.6590757	30.718044	-66.350334
-10.005393	-57.348743	-40.434113
-29.327898	-1.8783604	-63.25073
18.008118	-1.8937422	82.35825
20.022839	56.648174	20.51796
34.67921	38.32004	-63.655262
17.62106	40.970505	-39.622005
-28.609568	-25.57829	-21.205696
-17.787127	-3.4195538	-63.12155
-3.0312467	45.86887	-24.638733
-16.458487	53.40617	-9.522896
-54.350403	-30.108313	-37.3466
37.44712	-69.86379	-38.582474
27.525892	79.23672	0.85198814
-56.971333	2.0793748	28.882956
10.640672	92.108154	-18.951607
-19.908997	9.181404	-36.350636
-23.082651	0.36178738	12.293078
-17.261738	-1.8251766	-5.3846993
-32.883396	5.8264484	-7.4774327
-79.76822	-49.944397	0.7223029
-62.091038	-39.383347	25.638245
-39.966183	-27.091703	20.595556
25.760082	-47.56685	-50.37793
-13.888467	28.4141	-63.115227
-10.077165	39.38979	10.374341
25.006657	1.3708055	32.354767
3.721905	-19.85935	58.33879
7.5652122	44.08184	23.230032
-1.6977032	-77.84183	41.103928
58.731495	28.006405	21.392605
-24.449125	34.745388	-24.25158
-26.311205	45.64631	-16.17476
-79.5334	-24.892056	20.118765
-52.99712	-19.997957	24.630934
-49.072098	-57.981743	34.438538
-27.92693	-66.34425	0.6733349
-17.026152	34.032383	-52.92266
14.614884	39.427124	41.017082
82.813034	39.887394	-22.60142
-25.656635	17.219872	-40.89699
31.224607	28.425758	-18.037699
35.965725	80.08101	-42.948593
59.117413	29.90804	-32.83794
4.975307	-2.8494198	35.98534
-44.74514	-37.261948	2.4235573
-48.945347	-6.1565757	-27.051575
-45.428932	-37.442474	-7.4550233
-70.78082	11.730336	9.671408
-0.7760757	-3.1346707	10.3560505
10.742006	-44.312313	-21.589302
-75.703064	-32.25497	12.696385
-37.63015	-55.85069	-2.4875462
13.951628	23.717083	-53.083763
-57.48285	-30.797476	10.40878
-69.89943	-35.3569	-3.956315
-15.725666	-4.4497967	-16.339329
-40.27066	-13.488846	-16.952232
-35.12131	-14.328588	-19.113104
1.5241022	13.8796	-27.996876
48.122437	20.706547	16.870356
84.0791	15.7122965	12.884474
-36.052113	12.226403	-79.30268
5.270408	-23.416004	3.4503675
10.454587	-12.878896	63.141823
-13.116795	55.298923	-48.18096
-36.90378	-38.734966	24.593458
22.041607	-26.531412	-62.834377
-34.250244	-42.90276	73.19282
-28.487667	-10.310141	53.489105
-9.118596	53.94492	-30.652054
-30.484991	-55.553837	8.09118
-71.73099	-52.40124	-21.968319
-51.57975	-60.1842	-35.122887
-5.2700152	-29.058971	-2.94136
-89.75951	-34.489418	-0.56007856
-81.5913	-41.09966	7.799176
-79.80824	-39.821224	-4.6858587
-16.402845	28.433237	39.205986
8.114339	64.07403	-6.9205027
28.457014	35.333168	-75.99585
-26.041267	46.375446	-32.254375
15.659335	75.78605	12.88657
21.772236	63.18295	-61.61886
25.130024	65.10365	44.240124
62.9995	-51.890217	-12.799297
27.391088	33.82983	-36.549164
5.943272	32.55813	-45.152706
-42.978756	-24.436403	59.779373
-65.12833	-6.2214727	3.7295663
30.277254	20.94898	66.800575
19.773712	75.54125	-8.181957
24.16662	32.958885	42.12108
-34.83388	22.490376	-23.147873
15.099036	10.465783	-44.712887
21.536861	20.85105	-64.43842
-50.035793	13.625824	13.643324
-66.99662	-2.687785	18.141579
42.082516	85.58534	-29.89319
77.76701	12.726624	-12.222257
67.80099	29.440393	-62.237232
-43.839027	-16.007692	65.31898
-8.627734	-50.139477	-8.806199
1.3385946	46.487568	18.331959
33.56626	5.2313547	5.9191065
-41.988308	39.56212	-5.4263496
30.180435	50.007706	-14.526161
10.92534	-6.073677	-35.70949
92.104294	7.748602	-13.621347
68.61417	4.634839	5.053572
14.934973	50.432274	79.19496
12.994531	26.289965	63.246204
-16.029613	55.237507	43.873085
64.48425	64.819885	30.888063
-20.82875	20.78843	7.0575414
35.681026	-52.689384	-41.47226
-39.289032	-31.964293	6.7911725
-45.595287	-26.983751	-48.435658
15.749863	-21.30267	-4.01965
-8.258859	82.84738	32.961075
46.528164	-23.096682	41.52443
12.795768	27.781782	34.089367
-3.7092564	-70.54594	50.528473
-30.801413	-4.6683254	32.480465
12.753966	17.885147	24.87688
-13.550704	-23.493086	28.848545
-25.485388	20.959915	-62.178738
-0.84725636	8.256747	4.867425
15.882307	35.057877	17.91746
35.122047	20.95371	13.6432495
23.163795	21.929794	17.605654
26.828547	52.497562	-1.5315944
-11.741237	1.316437	-37.57942
3.4778657	-11.00137	72.30703
-37.388885	-46.88401	61.565388
17.212042	-30.622717	-21.176844
-40.575695	-45.1993	41.79448
21.277643	-8.420061	26.759623
-81.83995	-23.692177	-5.3205
-49.23255	-27.605902	16.788757
-44.871147	-31.889507	-27.097534
38.93645	32.718586	-34.43801
-61.91608	-1.8495305	-24.082464
16.332499	-15.301582	-39.372417
-14.297667	22.164936	-52.61484
-50.878162	25.843643	-4.5277457
-3.9192493	23.372166	-46.68561
-9.402857	12.5544	-54.44679
15.184937	47.12721	-70.55159
20.688288	45.25479	-85.03994
-3.2237766	44.17203	78.90915
33.921463	38.35543	51.358612
3.3731952	65.16565	72.585
-6.7497687	44.360165	46.694847
-39.341995	-21.611227	-71.531105
-14.948568	45.71083	-24.066696
-40.355812	-36.757782	13.535566
-43.69455	63.50837	25.466938
-30.54585	-7.5700016	45.943348
-31.14467	-45.860508	15.595435
-48.56471	14.667962	30.002264
4.7328324	-7.919273	-25.864292
47.34	79.58211	2.6334748
-65.39972	-65.34719	-12.787327
2.70158	60.18836	32.77569
-13.379553	-4.2663198	7.504212
-19.306221	16.834396	35.321175
-14.104384	-34.235447	-7.6342854
-71.246994	-43.312695	9.855534
-17.32927	-50.72411	17.984009
-49.55146	-47.753067	14.99134
-59.502876	3.5689962	8.637987
-36.404503	36.491856	-24.311535
-62.67615	-31.086143	1.096465
80.20092	11.241993	-42.33109
57.560703	40.58737	-60.805294
-7.389351	23.788708	-29.031809
-42.882328	-58.293854	14.318389
-39.42044	-15.417894	-0.18137324
10.781942	61.726727	16.048845
-63.568935	-49.44886	17.463999
7.3767476	-1.6929945	-58.848766
9.994937	-2.966367	-66.46967
18.652899	19.905588	-35.434563
10.409877	2.9955788	-53.618774
5.828678	-60.755733	-43.04472
44.554962	-8.187504	26.012877
8.986031	94.57241	16.934729
-57.247105	-23.281946	-4.651863
-59.959927	-23.015242	14.962767
-56.129776	-15.059875	-0.847531
-21.288889	-36.584198	-10.892047
-26.031868	-42.817802	-8.57121
-18.53823	-31.325098	-24.4112
-30.870262	-33.928238	-28.327953
14.288119	53.20459	9.356807
-2.865967	52.615894	55.630272
42.195377	22.445473	-51.53107
27.993391	50.02132	-66.14455
1.6518614	87.89356	-45.234688
45.91911	62.711365	60.469814
-0.051362343	-3.8498487	81.90406
-86.98908	-14.609433	13.519169
40.47181	-7.880609	7.735879
40.463257	32.412415	-21.557537
-26.55722	80.11241	-26.515541
35.16196	2.540999	-54.9412
-41.289116	-20.822386	35.027557
-34.624233	-2.73839	11.9643135
29.196423	-2.5904605	-11.806409
17.036991	78.36169	-22.428455
-87.228935	-36.687138	-31.093857
-1.7715905	-12.037091	62.08103
-46.324413	24.12803	39.690735
19.963387	31.820543	-37.51664
-60.130085	-40.979496	13.864825
-75.92176	-37.779186	-24.761711
-51.739735	-16.246723	13.975295
8.645962	38.84474	86.83798
-37.934277	65.758224	-2.5133975
61.79083	48.60047	-39.145607
-29.062712	2.8982697	23.285234
-29.936922	4.3403053	38.090893
-50.051933	53.86478	-3.6564837
55.580814	-15.988481	56.54429
4.119877	-11.791701	-72.400475
-55.19339	42.507603	43.32203
-65.35844	-13.895943	-20.672098
22.148882	10.8014965	-72.42011
63.30696	61.78688	-15.254435
2.5058308	15.492879	-59.813667
-32.351906	-61.684193	-11.752239
-25.896196	-21.585718	-31.715502
24.90731	66.06854	-21.979824
-25.165924	27.476215	-35.583576
-48.227764	-28.852268	7.189532
-55.44992	-38.544964	5.5178995
-73.00375	-53.712543	-6.8937244
-79.11913	-31.047224	1.6127982
71.6042	21.569965	19.38477
-25.613565	49.11152	34.62471
16.974913	77.34302	43.51848
-45.73054	2.6859422	-3.6259153
36.09392	-28.344131	-30.061186
-21.1006	-43.181473	10.313358
-5.8118596	34.707794	39.51464
9.953928	77.150764	22.022058
20.343931	32.687527	-20.610558
11.564182	32.52977	-18.188236
-2.5520923	-33.922146	-77.0162
-78.46122	9.067325	-4.035421
80.888306	29.570196	-37.78409
-11.80068	21.197706	66.758545
-23.30504	22.509205	49.14104
-14.090051	19.235172	56.741528
40.651604	53.682045	-13.057639
65.45678	39.524616	27.432243
17.50537	-22.936256	54.74203
38.009254	-25.589453	63.241245
40.780132	36.683018	-11.484425
-29.393066	31.682018	73.586655
32.48524	61.695843	-29.199224
43.93241	43.6378	28.743595
-9.401033	16.93464	78.83431
53.509228	9.2490835	-62.712532
33.989895	48.358658	-77.85156
-51.772823	13.760898	-10.148802
-33.234356	-36.01793	8.3534355
45.307297	8.153327	-50.56767
-19.77948	53.80296	19.731071
33.682964	2.6315002	-70.68147
3.5271559	8.573981	-82.84044
2.7631986	-64.355225	-20.415771
55.05934	-29.648563	-69.16461
-71.38431	-45.29651	-6.5829277
-66.75747	-42.358166	0.37027198
-27.622898	-20.99315	-2.5724292
-24.819248	-30.245077	-4.5825605
-36.99158	-23.632376	1.813896
-70.30551	-48.95851	1.3087745
-73.9199	-42.868153	0.81677943
3.7389054	-14.918922	-50.74036
-30.922197	-6.0170507	-10.264107
-38.299133	-44.657135	5.1666474
-21.875694	2.5875227	-12.36772
-13.618729	3.2913563	-3.1743743
39.34393	47.94211	-56.03159
-9.37148	-36.019505	-20.753511
-24.299742	-10.633763	10.104292
-65.94246	-52.514244	-13.562612
-80.62006	-60.5896	-2.0462189
4.9892154	55.236122	0.008796776
30.724815	27.70006	25.968025
-73.001945	28.83465	-48.919643
63.03978	49.075447	-14.89747
-26.64968	24.303946	27.890032
-46.218235	4.3397427	24.444187
-50.43717	10.304193	42.84689
31.748123	-9.377174	56.419273
53.75474	-2.192402	-50.62261
40.43493	-9.397319	-21.513805
-29.57873	-61.01625	-50.238586
-27.839615	13.905774	-15.415767
-38.155045	-1.6375463	-74.99661
-9.053889	-32.272247	-88.8303
36.83232	71.96033	-1.3330476
34.286854	41.707184	14.601552
47.39251	-16.40659	-67.87427
-38.914623	16.977928	-11.028327
64.05499	-49.413906	-32.990993
62.969036	-14.224859	-51.29497
17.357807	36.50754	-66.377014
12.634829	82.40834	2.6803863
66.62988	-15.83792	-38.78075
38.895386	68.17494	-41.542686
54.321754	25.836712	-67.34595
-22.76083	74.65655	-47.473545
-32.3105	-13.777052	-64.03054
-15.86415	-41.36585	-78.24972
-29.924599	-70.31921	-30.960968
-59.20127	-40.764603	-3.4874368
7.259808	-24.49517	-46.0872
52.09685	39.296654	-30.955688
67.24059	-30.50356	-52.535526
13.421237	49.910698	40.730995
-4.345258	14.837706	29.319181
23.155766	76.722725	24.67436
6.0703773	16.017817	48.829296
-11.152441	-38.845528	35.08607
10.336743	-9.710188	-2.4707742
-10.423727	-14.212144	-32.8694
-52.98182	-14.397726	72.87776
19.279888	15.905209	-83.18779
8.766254	-18.797222	-62.478687
6.311659	32.71236	-73.73101
-47.988613	51.175735	-51.78934
43.720615	-0.5424636	-14.799452
5.1625843	66.04374	-63.609035
4.7039046	35.776962	-92.4483
-84.65239	20.89025	-18.995237
-14.6548395	-10.883631	30.836613
25.833176	-17.61443	47.770874
-17.960938	72.17606	43.353806
34.72584	-13.631978	-30.995447
-1.669762	35.95225	-29.93509
55.509266	11.099741	2.5331872
45.657753	36.822113	-1.3630923
35.662556	40.597797	2.816716
40.621044	-1.4892586	-32.844303
13.536534	64.041534	37.537178
34.13211	2.8936534	-42.569954
-68.13857	-27.569324	20.7167
-29.47751	30.083065	-71.55843
-77.5847	30.379782	-31.347858
66.12103	13.476127	50.505615
-5.8546553	49.497147	-4.075438
74.06943	46.52543	-6.3458242
1.13892	-6.387016	-90.588295
-22.996017	13.9156	-51.9878
-12.949012	32.559097	75.84151
-19.6221	46.018875	78.27388
-3.889799	-19.289656	86.83875
-31.82343	11.353116	53.364693
61.0326	23.520714	-38.34969
20.741713	5.0786986	21.772728
-60.058746	-45.229004	-58.366577
-36.207516	19.334831	34.25984
22.20829	90.36036	25.036924
-6.328449	-22.72283	38.012253
31.042007	59.539696	-8.806569
4.5287004	91.873566	1.5260917
51.42538	71.91256	-15.246245
30.459074	-40.568626	19.069534
40.43667	11.809239	38.330418
29.501217	45.556965	-42.03361
35.76893	12.251858	-14.766831
43.81166	47.576538	70.79469
-12.858822	26.334349	-39.01893
65.20769	75.98229	1.1708934
-3.9800017	-3.359379	53.232376
4.4514475	6.4849396	-68.73722
16.305506	26.113094	-73.48553
1.1674107	44.717617	-43.7424
24.392834	58.686157	-50.90384
-20.288197	-12.496	-91.30504
39.5049	4.4589877	50.440914
-33.22998	-13.147206	15.478342
-37.797745	-12.405324	72.32751
-66.36298	-21.72895	53.861202
22.97981	30.33052	84.76267
41.75303	4.1514874	65.19752
19.356295	55.451454	32.71705
23.93483	70.59089	8.61009
5.8705544	-48.437416	27.871922
20.620314	-5.5723286	57.511826
-8.390981	-46.980553	43.325676
23.673513	48.048874	2.0841782
-37.155888	3.781098	30.450953
44.7684	-61.389324	3.2679348
16.420143	-69.75842	36.3466
-9.895816	55.145218	68.60104
35.42704	48.40367	58.84039
-17.338371	-5.0222273	45.075554
36.59046	70.98197	41.060867
43.087193	59.53814	37.766533
48.655403	9.753885	25.397173
13.631964	-27.685068	40.01936
-3.639478	54.988655	20.5835
39.84399	81.74692	-13.108032
58.764866	19.722967	-3.6853292
-7.4459314	74.47991	7.771658
-3.5148892	62.013805	-35.645775
1.6654763	-21.30469	-6.8779798
-16.355202	37.575527	48.583164
53.41896	12.8572645	43.45921
-14.613247	67.97085	-25.404684
3.962322	50.452267	69.26035
-44.19434	25.60621	7.63229
-16.526318	-7.865867	-26.235134
-67.55974	47.73063	-39.75492
-39.222797	-89.58075	0.5355848
-44.82421	-80.86498	-30.676178
60.06428	39.354958	-21.805222
12.555788	57.124565	-56.371166
-20.546917	7.9455724	-24.673676
85.05486	-6.170805	-9.036096
-51.913483	54.664127	-34.646935
72.32206	-23.016407	10.075853
-82.02386	13.152369	-37.205444
43.450287	30.996141	55.160934
13.122257	68.51179	26.390242
-3.9720163	-25.909224	-14.145653
24.378569	18.946255	29.074543
-27.618078	61.246788	27.714905
-86.56235	25.37523	-3.0332477
2.9349322	-10.125844	23.798399
12.548127	77.45967	-37.4409
4.322039	73.031555	33.20071
30.30133	72.768814	-13.450805
40.646572	40.874672	-29.174156
-0.036120087	57.31181	-47.861797
-51.333473	37.67265	24.483622
11.374839	-48.59811	-51.637745
25.593573	2.014158	-49.500034
-29.118126	16.296177	62.834816
-56.24202	-20.235886	45.503273
26.410576	33.81316	57.906307
42.23337	-46.72651	-76.80443
76.77384	-34.15174	-16.150179
-2.3135777	49.59254	28.944513
2.1496031	51.84755	-60.2731
-36.226128	51.33961	4.4058247
-31.200424	60.41661	-52.377907
48.390434	24.909004	5.400281
2.862002	23.085947	28.958698
-25.191128	-4.214771	-22.402704
14.112261	13.531275	15.796702
16.76223	42.57062	23.705696
