-49.17609	-29.04078	-8.938368
4.5727186	-15.446086	59.34598
-10.986185	-39.723824	-2.2694106
-49.946915	-36.572678	24.925646
47.90441	16.422886	-34.639053
35.397015	-18.044155	65.01549
-14.22135	-31.17854	45.7654
19.81664	-8.489468	-76.0179
28.318838	-36.62419	-61.282467
-49.54459	60.353226	-31.047575
-4.941639	38.753372	-48.860695
13.806739	-3.318007	-86.7142
46.459747	-5.3405275	-37.986965
17.78931	35.380627	-52.9923
-5.267078	-14.767374	-44.79406
-0.73611504	-27.011002	-82.23003
11.526623	6.5768323	-92.776535
-8.576538	-10.991292	-40.934902
10.122687	-9.195289	-85.07008
25.082586	-27.67682	-29.28022
-11.878951	43.688	-18.844578
15.280629	-24.720676	-79.10244
30.644611	-26.468964	-65.663445
2.5261476	-1.1212376	-90.930725
12.446176	-41.829605	-73.7934
2.657968	-44.40935	-69.59789
23.263594	-32.754524	-42.957924
-23.371523	14.666955	78.56019
-50.42803	-9.836764	-32.279606
26.781103	7.0502243	-60.680653
-23.934254	-55.32525	-36.660744
15.926317	11.347447	-51.065475
3.337128	-22.53976	-73.60837
-6.993157	-24.42557	-78.21831
-4.700073	-21.252321	-71.0975
-3.601675	-14.881366	-83.97353
7.0200458	-18.287636	-33.80805
28.1131	60.08317	1.0227616
10.738636	-71.71494	38.337532
-2.2716556	-8.676816	-64.75488
3.315993	-71.865295	39.57178
3.585095	-9.189328	-82.92969
-11.111275	-43.95749	54.034397
-9.475627	-33.680912	-7.9099617
-3.625767	-44.13371	6.8762417
-2.6712742	-9.143725	-86.5625
-4.992874	-46.343044	2.0465677
0.8030357	-46.540874	2.8253798
14.065609	-84.855606	37.960346
17.10617	-1.7150856	7.6859174
4.7240496	-14.4101715	-87.21012
12.655016	3.5984004	-86.866
7.9425063	-36.182465	-61.948875
23.944702	-28.039042	-76.38998
10.102613	-6.580373	-47.89127
-2.1317315	-31.469648	-30.24465
20.451435	-0.31587273	-87.11145
27.768263	-19.32129	-67.05982
-8.14871	24.844696	-18.15587
-8.316783	22.570496	-25.284195
13.757213	9.180894	-59.84422
-43.44308	30.51083	71.30859
-19.861311	14.571375	-44.18815
14.144927	-36.008118	-62.507767
12.812663	-17.977694	-28.242453
-7.075935	-25.866524	84.378914
-14.051749	-62.227417	20.454931
-10.82509	39.103115	-23.019835
30.451181	30.800121	-6.83946
29.01173	-47.795864	2.1220272
24.539366	25.365797	12.701659
29.369827	1.7218997	8.487274
-2.7200444	-28.32883	10.46516
-24.022287	-5.4747334	-43.1072
30.815567	-3.598668	5.952527
39.899086	-20.281063	18.456484
-5.714283	-41.86027	-7.353482
43.65899	-53.10829	52.495636
53.60597	-57.89161	24.055662
29.482908	31.484577	-1.3917973
-19.616425	-50.62777	28.699738
11.854284	31.513367	-61.455482
-1.0931787	-38.035454	-76.67404
45.444313	-23.70395	-43.382687
-25.662691	19.395247	-37.79062
-1.2967062	30.11157	-69.06211
24.737944	-5.9069114	-79.76037
-6.3750863	33.669815	-54.342052
10.21491	-20.919708	-78.481255
46.24555	-18.934587	55.49563
68.39206	32.46985	14.855487
-3.2730155	50.51939	-22.16463
1.6675445	-11.334059	-40.75455
5.7881517	-31.95266	-75.674644
6.2549114	-30.359373	-49.13963
19.453762	-26.645248	-71.18967
16.6872	0.5249756	-92.0716
9.620488	-0.21209133	-92.855705
12.283895	-49.63004	-64.40538
3.017996	-5.224988	-97.21069
3.3449552	-7.751011	-90.29991
47.764843	-8.733378	-22.610481
10.757789	15.0116825	-69.6008
3.0146894	53.50139	-24.418728
30.7299	-33.351635	-26.44092
6.6650753	-1.9647429	-60.886147
18.132952	29.476152	-21.669456
14.829554	-22.565367	3.9293764
5.707362	31.032763	-68.30682
-7.3617587	-36.902885	-46.04571
11.889822	50.116486	-49.173977
5.0356717	-51.435356	-68.813034
39.74049	-28.662237	-44.56484
30.460896	48.896202	-8.042179
11.209566	-10.509754	-29.04704
42.1998	21.898045	-27.36774
-22.939552	-16.639856	4.5691485
4.2232647	-43.811993	-74.72233
-30.671635	23.976593	43.286488
17.383892	44.840622	33.140244
-1.4336972	-2.6277738	-58.260944
27.378841	-46.58141	15.76423
-11.432659	37.413467	70.27185
-1.9819325	-69.610855	45.9886
-6.6934648	-89.12535	29.349247
18.625578	6.0784554	-46.699757
58.446083	11.428584	62.571655
18.736069	19.302189	-46.707294
28.142927	0.51912737	-86.17136
23.851181	4.7926555	-82.36327
16.943129	5.793118	-96.64081
-11.875751	-43.243557	60.085648
-7.816671	-86.55475	33.40863
26.358498	19.615307	-51.726997
7.054287	-85.632065	25.68638
19.2887	-13.722939	-41.363613
32.129997	-23.629986	-72.81303
13.280021	-33.529922	-44.24106
39.671566	-39.047806	37.250137
-75.432465	-14.712731	23.479015
30.204271	17.771795	-38.18983
40.429188	55.84062	8.509799
38.182636	71.61108	-9.659212
35.139484	-0.10563665	-33.794968
22.02092	50.00952	29.611946
-6.7250185	-16.303015	-77.43706
32.931694	13.598629	-32.05705
17.790728	57.16308	-15.060229
-2.0322173	-10.35077	-77.6304
-46.674637	22.867426	51.7164
-60.477386	18.461958	51.746735
26.048197	-38.723213	-35.210133
11.49116	54.697098	-16.640009
45.771664	31.921223	23.069166
8.940532	-27.597464	-31.19007
15.633419	-34.287045	-52.23543
3.7490077	-15.785207	-80.44318
50.26948	37.55522	-10.40511
11.747887	-33.557575	-57.361122
10.513602	-42.359993	-64.65773
-4.117798	12.74793	-47.636116
42.33639	-0.27703267	46.49197
19.895994	-39.91562	-47.104675
-4.604949	13.331157	-24.316097
9.867816	-5.091969	-80.22631
15.85477	-44.151134	-60.501774
18.168276	24.212433	16.47164
6.6655827	17.802027	17.38345
-6.710504	23.029892	12.422054
-41.755836	46.90374	-33.292366
-24.291975	26.744951	-41.560673
14.112669	-10.7993765	-79.157555
18.662397	-36.084442	-73.77683
9.89716	71.00103	-13.744069
-6.7601147	-44.435425	57.7322
-10.425943	-48.82389	57.93989
-15.477456	-46.350647	56.853996
31.89619	5.3578973	-64.75414
-3.3899357	45.582794	-21.210752
20.07043	18.636503	-65.55169
46.044495	-2.4259324	-22.104107
28.492907	3.795359	-32.367058
-4.681956	46.704884	-50.742752
29.285608	-26.156225	-35.077675
-3.240844	37.412205	0.017930925
2.6900475	29.534946	-49.50599
18.542624	6.2626243	-88.27411
24.82116	-30.764288	-64.21279
-36.8696	8.637794	-17.25457
3.0096333	25.658705	-62.679867
22.263794	53.113903	-57.354626
-12.814545	-32.892036	6.0979304
11.44863	-24.238317	-69.009346
13.77379	75.702866	-23.790508
-9.195991	40.090725	41.55988
5.6213365	-12.300599	16.437988
7.9480834	1.2183735	-53.0271
18.744598	22.606316	-53.67876
11.898053	-6.4069448	-35.592873
40.55479	-4.6277037	-25.820757
18.41673	40.034294	-35.186844
42.584694	0.34401175	-26.123169
12.155784	39.08209	-29.262072
24.204372	45.16297	15.76396
15.772465	46.629375	-19.825188
-27.520502	6.528112	58.0378
25.853025	58.24664	-11.371742
-5.7052016	36.154037	46.629826
-0.9598704	36.3749	44.18402
53.59018	25.642115	-10.743628
-1.0837537	16.134161	41.474617
-6.834169	-10.120097	56.393993
22.703735	-14.429206	-72.391335
22.046247	14.063158	-46.24105
-12.40932	27.94747	-48.225014
20.387037	9.67247	1.5168061
-12.405615	1.2985518	36.809265
7.7925153	40.538677	43.945152
0.35372752	-16.797478	-75.30409
22.45696	-25.527151	-62.177116
18.37029	-46.553127	-44.42882
-28.45267	20.012953	31.316198
53.88294	-48.98871	-19.026587
25.59397	40.682453	-7.619458
26.003876	-30.932281	-70.36415
-29.983892	21.034796	-1.1315655
-9.191964	83.895065	3.45244
25.276745	-8.289756	-60.136112
13.458477	12.786759	-65.37693
31.16341	-32.868813	-35.67381
0.22965257	65.60951	31.040548
-11.128224	11.841847	-50.23279
5.4040403	18.19093	30.339731
13.771335	11.741803	-42.671734
-2.2214358	-26.43268	-75.10235
7.755601	-83.92923	34.993237
-7.12897	4.5420437	26.799097
19.117205	-30.980713	-58.570335
-27.047626	35.762955	57.722385
18.532316	-7.7928104	-88.17235
24.817957	40.198753	-55.964222
-66.52433	-1.2580059	26.645142
-32.778687	16.62001	-36.899605
-2.2383199	31.70124	-41.268753
38.330418	-17.394398	-31.149555
-8.751076	51.572254	-57.861313
19.62166	-38.284275	-60.633377
23.604996	-43.085846	-52.133686
-78.6128	0.16741219	2.838445
25.993706	43.67317	54.14852
-17.050596	60.49939	-15.502563
19.499846	-27.907742	-39.2089
60.69502	21.909498	0.88259965
16.344172	1.6880153	-81.719154
-31.76583	22.393328	-20.850294
15.382334	14.897334	-57.910625
-8.46985	11.321407	22.510445
-2.435147	4.935166	-19.924103
43.12834	56.345963	18.903978
7.576676	5.699242	-40.352383
-5.864912	15.408928	58.648
-68.537315	-25.607643	29.027088
11.256235	-47.61592	-72.36294
19.794418	-20.614614	10.079475
7.7711463	-9.123666	24.69138
5.664038	26.32106	38.087376
31.519884	59.03244	-13.416541
28.309235	30.06733	-27.898516
29.64503	20.302574	-28.201563
-1.7907035	18.206863	-66.20892
18.089743	-5.421401	-80.89132
-33.34395	8.405948	-30.482452
-38.072624	1.6231548	-35.140656
47.429993	-12.094122	44.745285
25.933308	-19.653475	-74.947754
-7.102837	-3.6268263	-49.74435
41.994865	18.874678	-60.87894
-9.748045	-0.4870859	-54.251026
35.917305	-12.686145	39.81517
7.3191724	27.030886	4.5848083
12.401613	-35.034966	-76.45962
2.6728976	-11.839608	-47.502132
-18.329084	54.17768	-18.981602
-11.631607	40.71913	-52.485134
7.390401	-43.43005	71.614876
-14.981582	-16.630693	59.422813
46.552094	-30.40478	49.417835
8.170468	42.947315	-11.739709
30.189028	-18.152592	-33.480633
16.107285	5.1300464	50.963074
-26.500647	29.643366	-21.738255
28.55536	61.378853	36.26099
46.02585	-13.653519	12.215585
22.750896	-3.0778952	-21.323734
9.419365	20.880745	-47.043922
-9.180568	-28.180683	-74.65275
-0.5451983	-23.67394	-67.92719
33.58886	-16.443548	-27.511087
-223.7483	-170.68384	15.651843
-12.359863	2.0635786	-49.39646
-1.3173673	-4.870142	63.70704
-53.26589	-26.316702	-22.169582
-8.330339	30.149755	81.66605
-7.6270213	10.716255	-2.8008063
17.456299	-40.591595	-41.499676
-26.390106	-10.7105	-22.773306
16.42897	-23.560299	-30.605433
55.125843	5.7716155	39.10972
-0.052062906	43.74048	-43.915073
8.085552	17.394697	-53.95442
6.404741	-34.221493	-41.833775
24.663555	21.833694	-42.22997
11.191453	-35.983788	-68.21432
12.814863	66.816605	26.914412
33.654305	18.574108	-53.847755
1.3742568	-33.18869	-35.76864
19.22603	-33.625042	-65.49116
0.47050816	9.80943	39.117954
12.117043	29.974762	13.255628
35.184002	28.194674	-37.723
12.250872	18.572294	-60.988663
21.854048	-19.570942	-39.961338
-26.818434	-1.8012964	-47.16656
-26.931313	-16.764065	-14.792991
31.037767	-34.01181	-14.046035
-39.09475	-38.991707	-34.609848
34.02732	26.323502	-48.26083
-39.20258	70.2822	21.211323
-13.233633	1.6702412	1.9864056
-37.04947	14.651713	-35.42264
28.840355	5.2485566	1.709931
42.45823	-55.93451	38.417236
-8.238022	-9.646737	-55.59887
12.921497	-30.10898	-72.72831
1.1772443	-6.707757	-35.758945
27.991528	-555.54956	242.99693
17.696404	37.00033	-12.029623
-9.5842905	39.47372	50.46458
-5.733716	44.65712	-42.30764
-11.451337	11.652021	2.5423684
-17.737568	-53.304848	12.626709
24.566448	-8.668077	-85.80836
-9.67978	-20.06116	-38.442192
2.314186	11.806544	-54.33266
-22.009325	5.364947	0.11502819
-3.3964448	22.834515	-46.49285
19.842812	-48.008152	-54.278103
-29.991568	24.172522	17.13314
8.787604	51.326748	-40.7879
-12.304398	9.812977	41.63626
38.66854	-22.951246	-27.39844
11.330399	54.741035	-4.72109
-15.777949	-72.98334	-26.586742
-21.896996	-3.9417048	37.988773
16.260998	43.30329	-46.777924
6.3997583	-43.599373	-21.259527
3.7831018	-6.37699	14.176083
23.523355	-3.9469767	-59.982353
-5.433865	32.438614	36.69853
35.784966	7.428034	-25.801592
2.6279445	-1.6394982	39.625473
-11.176654	-75.36546	30.120312
-0.25414482	-11.367585	8.125058
29.255547	-11.687861	-41.1199
7.4996104	52.83775	14.965224
-4.065974	7.44883	54.281418
12.677074	-32.08227	-83.14816
-12.245038	31.959469	-6.027648
-4.9950714	-19.296328	-36.08849
12.695665	21.12903	0.13727964
-2.588117	27.578733	24.113113
10.064623	-8.623892	-40.889824
22.751398	32.400528	-63.932068
7.9362035	-1.833547	-85.56892
2.584731	10.783798	5.696493
70.62533	-29.029423	-10.540542
-50.519844	-54.039078	-10.628308
-10.101067	-48.58352	13.64429
-7.0191274	53.247086	-37.575317
-10.163706	8.090022	61.115555
33.13624	-40.93889	-43.015854
37.676277	-34.312225	-39.46047
-18.292913	6.492843	58.588722
7.2120914	-32.62232	-5.884606
22.38332	-24.63086	-33.143444
-55.695477	-2.4686913	-29.190615
52.98252	-19.688019	-18.2854
5.677204	30.376112	27.741007
1.4333769	76.878654	16.96291
15.492449	-28.702005	-63.91977
-11.679441	48.347664	-3.8834407
29.949383	70.11358	16.069263
-24.445452	40.050682	-27.550674
-30.92878	30.11972	-16.297293
34.357826	-31.664862	-48.772514
17.462893	52.79608	13.607747
-7.180981	-79.81046	-10.836043
27.02136	52.140865	43.985744
32.68108	-23.939543	42.317265
24.455763	47.39172	36.03083
16.152761	76.78214	22.658003
44.18582	-12.526937	-32.726276
8.43537	68.56899	-39.471893
-0.12779216	-18.415047	-87.62899
-14.410305	-1.4853444	-38.160004
19.903925	55.526253	34.36041
12.880991	-22.195927	-38.4827
-6.4157286	-32.291748	-38.046883
8.750301	57.46309	-19.808996
-21.317884	3.835103	-51.34
8.501958	-15.236955	-42.396687
12.044712	36.277542	2.8080506
4.3729773	-24.084408	-80.295685
5.6005983	39.568546	2.9183733
13.382198	40.91771	79.10614
8.664414	22.712425	-59.748978
-12.560436	19.174747	-12.844298
13.615023	-12.776384	-72.91293
-2.3093069	-17.39369	-52.69094
-1.0582755	-35.29741	-46.447033
-10.701667	7.938366	-17.698666
-12.363462	44.93504	-37.809174
-9.510784	70.23466	-31.505621
-3.4837694	-27.520096	-45.91488
0.044961356	-21.424519	-16.619116
22.14217	-56.41956	0.7403143
-6.827397	8.442978	-68.12795
-0.20673575	35.572643	34.96675
10.188777	-41.69039	-57.54865
-4.4691668	43.555363	34.67449
-15.635674	-53.710224	-48.938046
-17.924025	-75.97217	-14.677878
-10.021786	-10.491024	-48.589523
-6.74814	0.17261729	3.2079997
14.066929	2.0424936	45.90944
78.97328	-4.312055	6.8537335
16.665112	-41.88201	-52.730354
48.56701	-23.27588	68.50792
-34.537476	6.8512154	55.221115
36.495834	-11.066814	-33.79608
-41.739353	-1.1733685	47.193687
-50.097668	10.157916	50.550606
-1.012117	-20.734983	-79.819824
26.777328	-0.9866171	-40.599632
-34.27717	38.647038	9.686799
26.922215	-31.77465	-5.984942
22.235958	-27.282116	55.46886
10.822787	-40.00894	-39.55567
-2.467783	9.542342	43.932835
2.9632146	35.135952	6.4518266
62.753414	1.3931282	-26.25415
19.469196	40.820904	-5.9500384
30.675215	1.7256331	66.90293
20.246883	40.79114	-29.462269
-19.506964	-22.47333	35.827126
-36.140816	-8.632453	42.966892
-55.462364	2.0130084	16.781782
-7.601902	-65.529465	-2.9431448
4.490511	20.952438	-34.77265
-2.6584682	22.902514	-11.926839
23.800083	-44.881744	-41.061867
-23.58727	10.869639	-37.859543
24.225306	-2.8602617	-34.96053
-19.913212	31.43019	-44.361835
-4.159733	2.8583856	-53.635662
-6.55485	-3.3784182	-44.74263
-63.43127	23.266268	1.3896059
-4.9677076	17.181366	-54.77424
18.829727	-19.558867	-79.38514
32.343708	-22.542496	-39.48694
-6.6024227	50.05173	-43.323277
-29.48968	-9.738762	40.199486
-53.83871	7.950541	4.6763935
30.053375	47.925365	17.773018
5.1112924	56.692074	-4.089151
-45.92689	-12.331983	-29.50396
-13.773394	-12.257925	-43.405067
25.700794	-24.74055	-69.68868
24.337532	4.789749	-91.252556
22.9982	-1.1952003	-93.63064
-18.871922	22.353481	-15.737203
26.036863	-3.3483365	25.858433
35.90307	12.86161	33.302605
28.45727	-9.187446	31.208124
34.241634	42.539055	2.5010605
3.0093093	-51.16101	-14.913392
55.98955	-20.934685	34.21232
17.530544	19.585384	-29.336046
2.7971113	0.45794228	-53.660774
-4.292729	30.650772	-26.747799
9.30996	28.915724	-31.07049
-26.67302	-53.876694	63.657196
58.49589	-23.761497	57.915886
28.081442	-9.917643	-31.552711
7.6489644	-42.412224	52.13619
-1.407162	11.429523	21.26312
11.081442	17.694107	70.91256
1.6029541	17.037312	93.639946
35.987293	-29.430454	-31.89412
-23.487244	21.819773	23.946676
6.4201264	-12.265638	-34.041927
21.241766	30.223993	-57.30379
20.356728	13.263753	-61.56333
-6.7978425	48.36934	-28.965359
5.8682337	-36.8395	-72.01564
1.9898417	3.7709863	33.14781
-3.0580325	-0.5209049	32.275555
41.47138	-58.89087	-15.697627
13.108441	-13.658387	-35.03116
-10.114336	56.203533	-20.570751
21.64153	23.719107	69.29078
21.180807	-39.42939	22.374926
61.09667	-47.849026	31.644875
19.794111	46.52338	-7.1818795
28.903479	44.640858	7.819393
16.807684	2.4744127	-52.530922
38.55919	5.167983	56.977726
-15.910451	-72.06307	22.894375
18.999641	16.149628	35.59156
8.229337	39.632313	9.09217
-46.943916	-33.184887	48.520844
29.364855	25.035116	-39.45273
9.962651	45.619995	-44.387993
6.5984693	-49.210556	-60.555237
-10.956988	39.86604	-46.193287
32.100487	33.69183	-35.022095
22.644712	-77.73396	-3.5694318
-32.66641	-13.270317	7.9380355
-45.91622	-23.569395	25.136335
44.607826	-5.0474706	-32.042652
28.714705	11.99936	-38.306
-1.2259879	40.518917	-55.53883
-24.952868	33.745632	36.127354
4.302673	11.455538	-65.460236
-22.783005	23.901894	-31.433807
-10.477237	38.51086	-40.14582
23.178667	34.899025	-40.664623
-6.45191	49.66397	4.2172613
-7.5271025	21.01644	66.960495
3.5608454	77.477394	30.184092
-0.12500119	47.05086	-13.341194
18.433716	47.051346	-40.393078
22.444773	51.526283	-46.54996
35.04971	35.465054	50.596474
24.4957	-37.05957	-66.37903
-43.370956	-25.847921	59.99225
26.126263	-3.3296037	-45.96542
7.9010863	-30.255919	-68.73819
29.951685	-38.342678	38.773273
-6.447922	36.294827	-43.284855
-24.718567	37.807312	76.00059
-32.24858	41.741	39.1115
-14.659667	-33.819633	-0.8478158
14.821426	3.9566004	-37.23116
36.53732	-6.7695065	-41.0447
10.356177	0.03471723	-33.37767
29.841757	-50.540596	35.393044
17.607422	-72.38491	33.517075
5.636461	-64.3457	53.56255
-10.501366	34.233765	-34.617565
14.176431	50.425358	-35.04548
-35.52486	52.883064	21.999298
-9.6564245	-41.867317	40.71841
-42.673283	-27.706528	-23.115896
1.9114442	72.90075	-28.62708
3.9130592	-8.56442	7.2409863
-34.790157	11.218524	-22.795029
-13.048014	16.272234	-18.902945
18.031538	-1.3799806	-11.835829
21.956444	-21.98851	37.02776
-13.648668	-12.990145	-10.760898
-0.97651446	-66.764534	-4.904478
26.86179	-62.30713	-38.428837
5.8065515	14.6348505	-2.3711896
32.078354	-20.258066	-62.647102
25.060587	-70.58929	17.416925
-3.9359412	-42.649033	-49.64095
-4.2627983	-38.129215	-38.839348
-0.55303794	45.94444	3.5643892
-18.030077	46.70358	-55.448277
55.585575	23.181692	54.47608
24.156773	-14.307229	56.94326
2.1330662	20.146881	8.632604
7.141668	1.9828024	-18.757252
-74.87814	10.204912	-27.806808
9.776058	71.08866	9.240553
8.74873	32.31251	-49.989475
23.031986	-8.059419	-44.131218
-22.715036	62.857758	6.55286
33.3815	54.6328	-37.118153
9.452289	60.22002	13.466634
14.475235	27.45241	-47.200653
40.26626	31.876926	-36.41243
4.438167	54.524643	21.384129
-4.38918	-13.395681	-91.22834
-18.613813	24.033428	-36.711853
-41.90474	10.43578	7.187505
17.176489	-3.0168169	-35.265488
22.23676	-1.6329781	32.718327
-17.097605	41.023426	-44.293304
2.5451984	-40.853413	-46.914307
-17.620514	22.262217	-6.2598233
42.52576	0.9850956	-36.322628
17.157055	38.96723	-59.812904
-40.413506	9.2792015	57.985447
5.0005507	46.319935	28.221851
4.0887837	26.665014	-42.505993
-25.779564	-74.02036	16.50579
8.204823	-3.3875701	60.54035
-0.17903303	9.648642	-5.9817533
1.001024	14.46269	64.22917
35.87422	-31.33745	45.28748
9.762783	-32.431736	24.271473
-41.186176	42.21275	29.469572
41.4919	-64.55401	25.842905
-9.879427	-52.732403	-33.086315
4.7198787	-48.53474	11.36094
-57.68865	-38.956955	-17.132895
5.658941	-0.691123	-47.19266
19.802664	-31.126135	-30.346872
4.2646213	63.097977	-20.474844
18.540577	44.945286	14.018382
40.566414	-25.791128	-37.722885
-9.5120535	-25.952148	40.295918
35.105827	29.595716	-28.92048
-35.94089	-0.5913521	6.0665917
-37.63095	-17.587244	28.21545
-12.173862	-54.238754	17.0543
58.995888	-5.22547	65.077515
24.786448	11.747783	69.25554
32.938282	-8.340383	75.83443
-1.2969431	36.09147	26.470695
-18.087196	18.45264	-37.01068
2.674004	14.52531	-18.982973
16.21636	-20.510912	-73.975525
11.881361	24.864027	-54.78377
0.10422115	-29.167133	-40.201782
-23.359423	2.1179013	49.295193
-39.839676	8.708214	-26.48196
-7.065017	-22.910894	-2.3102973
21.422897	-46.758816	-65.593544
40.307564	-20.071466	-38.38086
43.78994	29.126133	36.27046
-19.094637	-2.7170777	28.96605
18.530228	52.906506	54.685074
73.96919	13.30056	25.469887
19.898499	-11.154011	-82.207344
3.4653225	-39.829662	-39.269962
-18.636114	28.224642	45.26937
26.137213	43.427204	-65.918785
20.376024	19.00807	-58.875088
230.41162	-115.50598	61.99528
30.815813	65.592445	47.488274
-23.036787	48.595028	-31.26515
-13.999775	70.62497	-19.229546
21.872118	11.11938	-40.451633
52.34673	47.738483	38.126884
0.10691052	54.94046	-5.6239767
-43.389038	-15.996727	41.337296
23.448042	-9.446594	-37.923374
3.0766165	62.075493	-10.188726
-1.1801444	34.228878	-62.66111
17.191978	-40.38433	-67.20084
-19.892372	29.997255	-12.811622
-7.200367	66.50077	-3.1544254
0.6452736	29.394018	1.1097621
-60.817287	-33.92076	-31.637085
-5.7804227	-0.9487368	49.824604
22.433643	4.2326646	-41.38856
17.959085	-72.79037	7.2517896
-27.079887	-23.31376	7.949626
11.042896	-46.15912	18.234016
-3.183055	-47.086487	14.790128
-4.120319	35.063614	21.256104
-27.259022	8.016777	45.644012
-76.57965	-1.7059053	-11.516649
26.436275	-46.75313	-22.777569
-14.878335	-36.91254	15.346804
-0.6223536	-62.881165	46.566536
-5.51833	-46.832996	26.329172
-42.663307	-28.163925	17.332035
-5.580498	-38.0367	-15.522336
-6.726528	30.580265	-47.178738
22.022778	31.199476	-13.301781
13.392582	-5.793455	47.603096
-10.109325	22.629587	-39.97645
7.882775	-36.049595	-35.35536
-32.159157	40.805916	20.803192
20.57307	25.215837	-2.764291
37.197853	-30.37843	58.317005
-4.661183	-78.69694	-22.311829
47.382397	8.234174	26.277594
6.146505	-77.1673	35.841698
-69.99499	35.310524	-2.7807925
-4.641853	29.986494	61.697983
8.199711	-73.58894	30.348734
-2.8060315	-76.73912	39.65939
-6.7297063	-69.906136	40.023537
-10.450199	-72.909584	42.490063
13.951003	37.864597	11.317807
42.19293	23.655	-6.919363
27.436226	37.157204	-47.446037
-27.103062	3.341695	31.39991
51.279987	14.886736	8.292061
14.5707245	29.504673	-53.838333
16.128029	33.914295	-18.383432
23.836168	62.377697	-42.84177
-59.42752	13.927588	-21.635645
24.629175	36.078724	-33.50004
34.78485	22.370455	-40.79466
-38.54969	-33.203896	8.311864
37.776028	13.991096	-39.65406
25.627293	21.29579	15.317599
26.588755	-37.20993	13.378587
14.440516	42.591488	37.11129
-59.091484	26.564827	-10.5286045
-6.72055	20.273424	33.484695
-9.8257265	32.277363	-17.326595
-4.0473804	24.211792	-33.713623
27.55361	22.555323	20.869892
-57.60094	-14.702054	-17.592554
3.451538	22.644423	22.304415
-4.9707274	-41.515972	-27.117054
-4.847643	-32.07099	-14.591681
9.376677	-1.3480862	36.20679
42.786488	28.378513	60.97248
1.7285792	-31.091274	75.28352
-15.971459	5.5724773	-14.295618
-26.496897	-4.822887	-54.391247
-21.54477	69.565575	-31.640509
-27.404903	-61.809658	42.533615
21.016531	2.559261	-34.0765
-41.2595	49.49326	11.542412
31.611126	25.972956	13.193027
13.339615	-40.89869	-45.955578
4.692089	59.964302	-45.913555
35.007923	49.54992	20.59889
-29.327522	-29.429934	7.221167
23.873604	41.28901	20.7328
-30.538855	-19.268839	10.893763
-44.170006	-3.7954202	25.442783
-363.0126	60.029034	-313.58496
-7.090327	34.16359	56.62534
-9.529202	16.754269	14.540076
36.254852	6.799169	-35.755196
28.463072	32.018707	18.088501
-18.815418	73.837975	31.824644
26.440718	19.22127	-8.814461
49.357323	-48.889843	-38.05017
10.016809	47.166874	-4.1182065
20.906574	-2.3922026	-42.253975
4.3398886	44.11501	36.213898
-5.2261753	19.407833	20.87769
-3.5782084	20.44238	52.820213
-15.295294	-36.939217	-29.348345
16.191519	5.886549	-28.283215
26.136068	25.477865	-59.747288
30.405157	-0.85907215	-51.49195
-38.344376	31.834047	22.854755
-40.19191	-5.713097	77.99418
42.158573	-43.11812	-23.390217
0.105137624	-43.378685	-8.894659
72.81529	-26.791801	26.849154
65.17758	-19.562315	-25.24855
-21.671822	24.03467	36.865646
31.49796	43.171833	-28.912392
0.20087153	49.78431	11.885285
13.539827	47.294743	25.544415
-37.204742	-4.067427	16.18759
-34.67848	-9.270071	16.983812
12.773174	-27.507801	69.69929
-0.7227201	-7.3095884	47.448036
-30.177608	33.637665	-52.260212
-51.399693	-6.1600366	-6.734078
14.28993	8.611605	8.804559
-6.823186	-20.492477	18.837645
3.060605	42.4972	-37.57663
-3.0502982	-12.131061	-34.063618
-10.406738	22.691502	26.713963
-34.49043	30.589352	33.686985
-21.638737	-32.69094	12.48182
-1.3215164	-54.040543	6.891905
-68.221634	5.9872203	49.763985
-30.79518	29.949963	66.26451
23.599958	35.82012	64.06116
-48.106052	15.003692	76.188866
36.788	13.377118	19.550913
-21.350868	-52.96115	38.645344
16.930586	45.496487	-53.511547
-33.88855	8.993964	27.626852
-17.803614	-48.016132	-8.976839
-5.81697	-26.11221	35.205513
-16.387587	-32.12869	35.02388
-9.336266	-19.678856	46.638557
-17.192566	-21.448883	74.06657
-30.62612	-30.337116	64.56326
-19.380936	23.057236	88.351166
47.751827	38.339294	3.8663204
45.266495	39.707096	0.34219697
-42.679123	-69.15605	15.883093
-33.470253	-45.353683	15.628716
25.17571	11.517179	-70.46517
64.8143	19.550503	13.554877
1.4416002	1.9781276	-38.661545
6.291243	6.424111	-14.389634
4.8925366	-58.469402	-3.2100124
-14.024381	-8.845787	34.102947
0.75786865	-57.65089	70.63513
10.6477995	-54.97891	-8.927092
24.886356	-41.625137	-6.817278
59.960396	-11.230205	-12.406633
10.5322895	-62.095352	0.60443676
17.758045	-72.4864	-15.200717
18.508913	51.664005	-5.5113425
-41.41661	5.193207	30.539057
23.459122	36.561172	22.631056
38.48712	11.884319	-28.933779
-17.371061	44.93653	-30.500492
14.710143	33.493847	-69.99327
44.580715	8.800819	-27.868885
26.566032	39.233044	10.252785
0.78939086	55.99209	5.1910625
-17.069075	25.296484	51.740852
33.891262	48.793926	-34.982365
-13.421129	3.3120923	49.374184
16.725481	-47.59032	9.137746
-2.3338454	20.15584	27.320036
11.131683	29.90495	-3.248647
28.966955	-4.9413643	38.731487
20.44176	-14.280402	-33.15107
-32.50294	-3.4892433	89.37766
16.80644	-27.94846	40.68848
1.2411913	-66.164825	-50.568897
22.312119	14.196037	81.6346
-7.9224453	-61.594856	17.001774
-16.856949	42.71994	-12.200858
15.736155	-53.90677	-57.965775
-31.089298	3.9716682	-6.4783883
-12.269916	30.717937	-40.63028
53.612843	5.5851846	-16.42576
-17.03975	13.16708	-54.93923
28.551779	27.076015	57.866932
7.9914618	10.05133	-9.695444
-74.20643	25.739157	11.9681015
40.87131	-34.52989	27.54623
22.807392	24.118687	41.03308
10.730906	37.29425	-54.942364
13.865431	-34.767334	-38.17196
4.823033	46.036686	11.91175
-12.778334	46.728462	-47.458084
8.608513	14.018884	-23.339933
-27.90836	31.323023	25.628857
-20.881157	36.74448	25.68601
-16.282606	16.17654	22.360325
-29.291422	35.61027	-33.55381
5.268872	44.311943	-26.950045
-17.455805	32.14546	34.47522
-58.639664	-4.265456	-40.37676
-50.527733	-12.3032	-42.170216
-61.042515	-11.343229	-30.31058
-17.69736	25.615503	73.48336
18.96722	20.954666	26.343111
44.92705	12.4422655	-32.696045
-38.418293	5.100448	39.51451
-38.85502	-18.435188	15.045152
-32.893864	-0.26187125	24.110415
-14.493948	-10.905241	24.88436
28.966263	-65.60774	5.2166104
-28.202705	-40.49039	-28.958456
-61.164185	-27.354992	-11.873432
-16.12273	-34.57178	-8.292842
-29.5997	-49.494614	29.514042
39.974327	-12.18025	-9.277702
-10.221402	-42.136505	30.774836
-56.628517	-27.947365	21.565067
-26.124598	-39.43483	-19.145287
-26.518497	-7.328746	-10.991497
-32.64489	-49.201096	0.4782475
2.627626	-62.37581	6.905886
-10.2560625	-61.64802	-8.162332
-183.31798	-291.0764	-381.8044
-10.27835	-54.138523	1.1051686
-13.460492	-48.915348	35.635853
-28.460228	-69.14528	25.982944
-12.579349	-54.838097	7.8101854
-1.395617	-75.660965	-2.2702787
-13.785894	-62.92948	27.95029
-40.913864	-53.546947	-19.936258
-25.644398	-13.106371	35.65666
-23.769335	37.531925	-13.132224
5.5285316	-7.077871	53.955547
-4.5690207	58.87555	14.562869
40.117584	-17.004087	30.607265
-49.595264	-4.0403867	-18.149843
24.55769	26.769236	-33.334835
-12.854096	49.636894	52.89608
47.111393	-39.76988	59.97511
42.237377	57.169598	36.046837
28.751404	14.297927	41.7577
13.755501	61.99753	-20.50053
26.816833	8.967767	-46.176823
-53.865925	-26.84231	1.5035502
-9.747752	-38.66069	-12.21018
-41.98483	25.749237	12.6955385
-28.17031	27.549488	-60.671284
1.1058307	11.683188	-27.00481
18.937029	-38.74739	-17.348944
-4.272361	-49.7349	46.840237
19.998629	34.931004	-3.5294566
5.2912216	5.932869	-59.196243
-20.83515	-11.254168	70.183174
-8.033753	15.62066	-64.681465
-32.795994	-18.684963	70.13533
32.983852	16.375727	60.320972
21.128317	-47.842663	56.718285
-23.764814	20.459555	-49.662
39.651672	13.29534	-1.8275198
8.155641	38.496075	22.802256
-15.694795	45.41064	-67.20589
-17.03864	-59.83841	-27.272635
-71.47819	20.175737	-15.60012
-33.85579	45.793774	52.6658
34.84209	36.544647	9.344412
26.862165	-30.085535	33.544262
-17.553669	20.210901	47.84922
-11.0479145	41.97971	-30.487783
-45.283577	-39.228596	-14.732268
12.004781	2.6311998	-45.709774
22.519108	-61.551384	54.700226
-16.98339	1.8433684	70.1532
-0.07731477	4.4709334	24.210026
-18.477365	-23.281544	51.504807
-42.922306	-40.40395	17.770065
-3.7998614	-59.916092	-0.025136339
-56.259285	-88.84715	156.64009
12.411257	7.073712	-70.41894
-34.89508	-32.017025	51.63166
7.1047373	-31.378126	5.224819
-47.03844	-21.091656	43.97234
27.270607	-32.60089	3.0509639
8.624069	2.6841059	26.431538
-0.507998	28.036194	-55.794056
-14.943432	29.308023	-2.4235399
-24.372343	-58.863846	11.532464
38.07684	49.300537	48.515713
-3.8787806	-42.856525	-42.892033
30.963919	-36.886692	27.053034
44.819153	58.37562	-9.12826
43.157978	31.31678	-18.028637
33.397766	24.137768	-14.48167
16.256392	23.179565	49.649067
15.72109	65.94747	55.365253
-2.8547192	-43.83934	-17.949642
1.7695994	-49.793423	21.57185
66.38686	27.307077	30.55467
8.95369	-45.342148	-43.496
-2.3130577	-3.9383383	-41.623863
10.078351	2.3600512	41.116257
-27.427069	29.702461	9.105629
19.844543	65.50598	-14.267111
-32.461414	7.2067313	13.55894
-13.533006	-1.6079417	-63.033146
-4.82174	-18.449846	-3.318891
6.0677767	27.089333	-54.1156
19.517042	39.567482	4.188801
-55.996025	15.210588	-5.667784
-27.974749	15.388918	-43.91817
58.782005	-10.693125	15.1352005
-12.934183	-21.412184	-26.428806
35.554646	-39.279446	-4.0259256
-21.05387	-42.087135	33.31068
13.3715925	-48.0646	-48.13144
38.594666	53.50439	-26.925898
52.222755	41.15072	-23.716663
29.957705	-9.9367285	-49.74446
-23.970928	9.303257	-15.440409
11.424613	15.350516	-8.955748
-7.0431304	-34.371056	-52.674973
30.067703	2.659781	-43.297417
23.381897	59.56018	25.479229
-61.157074	-2.4299805	39.128933
-49.11939	-9.733011	43.615936
4.695477	34.18232	-58.524857
-20.498653	26.099138	-24.301834
33.4864	18.51143	16.9723
-3.4947608	56.23708	-30.465908
-22.31043	-41.674744	12.835087
-24.7017	-49.973724	12.877419
-23.203114	-14.432995	24.05861
-16.743801	-48.21143	9.581211
7.760993	-76.67959	-9.878765
31.8418	-22.791931	-26.69825
11.701974	61.38874	-9.586976
29.327265	31.00877	-43.56593
9.657097	60.96915	-1.042917
23.393942	-5.3287272	46.07588
-25.699053	49.62196	-0.37372062
22.911816	28.540854	-50.405113
14.787918	-29.211308	-34.440742
1.0601605	30.971327	-5.312827
-107.69512	25.801603	3.075835
46.100643	-50.09254	17.8215
-20.606869	-27.110542	-47.266853
-12.07064	-16.722284	37.63663
-21.342094	33.6655	-21.974548
36.95393	-29.744453	26.196201
-58.217987	12.311601	-290.52542
-1.2777284	17.53472	-6.4782124
2.6991944	17.454887	-9.67018
-5.22575	4.7094035	-33.352432
-35.020325	58.547318	46.46776
43.982773	-32.28688	-0.81197274
-25.200356	9.467665	-53.03927
-30.578695	-25.844456	-7.6290646
-45.21761	-16.858475	-16.475245
20.155552	8.750854	-56.1034
18.574236	-58.983772	-15.893232
2.3398325	37.578648	-47.532684
-26.348011	-6.94763	46.448647
-0.2213477	0.31712103	56.564198
-10.880164	32.289665	44.23823
15.408745	55.92873	21.251133
-20.773777	1.3160994	60.42593
20.192465	28.705214	32.85498
-1.8083384	72.08385	-17.192596
-18.087507	50.161247	-40.9562
-34.879295	41.780174	-26.20254
26.94826	7.040991	-54.31503
-52.983704	40.269543	25.111832
-22.776949	8.846973	-62.89015
-6.227575	-54.76711	12.986983
-12.402008	-52.114616	43.3477
-5.2531004	-69.40353	4.430569
-12.92339	8.796818	-59.58658
10.74313	2.8617055	62.448883
10.295949	-14.609075	75.51573
0.72822964	48.918903	-31.203318
-33.811005	-25.553928	14.963961
-54.469105	10.684455	23.664501
-28.763586	-16.18822	45.347603
33.87904	-13.621128	23.392294
14.040095	82.076515	11.333394
30.2039	32.99606	-54.327984
-23.797083	19.772356	11.071352
23.227701	8.911529	-50.39127
14.332688	34.80821	-35.876976
15.89735	24.836111	-62.867954
32.220898	-5.7114887	-35.604626
-9.571772	9.811301	-10.26218
60.2905	-19.416548	28.791279
-47.760372	-49.508156	45.626358
-128.20825	75.77853	153.92174
-34.622913	18.970982	70.453316
13.514827	16.426651	-52.73632
16.766928	29.43443	5.2270164
31.67845	21.991903	48.2289
-14.784724	34.777718	-13.672209
-16.350534	-52.88223	-17.06955
-12.2219715	-56.93773	23.28255
-173.06468	338.58606	-44.35194
44.313507	-46.09859	-7.011181
6.7702713	34.89788	-2.0130355
-8.834746	59.39395	3.7215877
-14.209758	44.116737	27.611351
2.0936255	13.070837	12.240383
-48.17255	10.014443	-64.2429
7.7153544	1.6925305	52.872913
-18.904455	17.517653	-29.25419
0.5561572	17.956312	-58.492256
9.906513	-36.915066	13.62574
-1.9334775	-51.922382	-2.1151958
-7.623574	-50.148975	6.5787807
6.4000993	-25.89989	87.72962
-7.853216	17.489334	29.274218
18.812092	-48.31243	-13.14455
-7.477477	30.171257	-3.1394305
33.38557	-42.25037	48.573803
-30.694437	12.479157	-19.33885
-0.43763945	87.84447	-20.119823
6.3478603	20.970634	-14.15878
69.58301	0.8442375	35.186718
27.31293	6.593997	36.083317
37.3635	18.42362	-22.852974
-31.95838	13.697622	46.77377
-16.329298	16.24342	56.77444
35.723476	46.481773	10.122206
-22.163357	52.63196	-45.768593
8.631374	57.438847	4.7587132
-36.47933	-54.15866	52.970444
19.320446	28.962496	-40.78519
-34.017406	23.078812	-40.53207
18.087809	-19.492624	63.368633
48.358253	-29.000675	37.731445
5.656697	0.7479047	68.60374
19.64262	-38.055782	50.118103
41.334534	-21.95369	42.569206
6.686879	9.048413	48.374805
-26.699776	21.047005	-28.45987
-10.236753	21.305338	-58.291775
16.465755	21.72629	-11.169801
-16.429466	36.77281	-29.452984
28.52272	-13.037322	-2.683037
-0.37349668	-30.449995	-2.4245226
-17.736433	-5.465612	-51.378025
-53.17904	-51.357452	-23.658546
40.832634	-28.813635	19.417944
-21.146158	7.8037767	-57.78538
-8.8822155	47.42264	14.358892
46.02258	15.826689	-13.177336
29.974924	-54.24547	46.873672
12.642958	57.329	-40.520298
-54.561207	-36.75876	58.86334
-1.5698613	-8.19311	27.362429
-26.25358	40.1058	-43.381977
33.479523	-22.9918	-32.575634
-25.139294	24.083736	-20.330448
-39.383667	-9.980809	34.487934
14.6252	-12.682161	54.15689
-14.29802	-41.96271	7.1568203
-13.135135	30.728456	-24.692854
-6.2007155	30.25599	-10.891254
-59.442265	-16.915806	26.343168
34.15264	-27.904636	-39.633217
-13.65875	9.238003	30.821707
-6.338767	3.2157443	-11.275667
31.226192	2.8002264	-14.9475155
-8.937309	50.616306	-12.227908
71.07502	-1.2284442	18.394041
-71.79412	-12.232854	41.94787
16.21578	2.5355644	-59.968372
14.330449	-2.8327725	-25.516949
22.446148	4.23715	44.649563
-21.19133	-12.53062	39.90707
-47.25592	-59.481937	33.923363
-25.694216	2.692911	-59.13287
-16.152828	-15.848842	31.31357
4.380644	58.042805	51.600735
16.763689	-9.174315	-38.199753
5.5230722	26.381538	15.609833
31.82505	10.260571	10.387111
-50.225216	52.4415	24.302732
43.18585	6.391806	37.504173
-11.98511	21.823622	0.7753491
9.33204	-17.204428	-65.34601
-16.453259	1.5626882	-56.92432
-23.633963	1.5757916	-14.149795
0.23437539	4.1839294	-48.281574
-16.3278	61.55002	-25.338974
24.471617	41.815876	41.2564
23.145077	47.282837	7.1242414
-3.7819104	21.029236	45.03669
-35.04429	-0.3371712	32.514755
-54.94616	10.703966	-22.550554
-36.602997	-21.188297	6.085421
-8.446928	-21.907434	-18.500387
-36.51013	-62.48054	-28.622557
-2.160916	-34.850838	3.949371
1.258892	-27.661785	27.959776
-47.856663	14.25226	15.082307
0.7687686	3.6106455	-7.1961226
3.494402	-4.0858026	0.4495919
37.65306	19.921432	78.96124
33.477814	-29.485338	0.2628801
-57.227795	-21.894724	52.845146
29.591202	-66.373985	-18.766808
6.44205	5.8435054	9.092586
9.254096	-11.262799	0.90564543
18.985876	-60.057686	10.554415
10.171497	-41.09936	4.2725697
14.317821	-78.337234	25.182896
-60.975025	-39.70199	6.6062922
-29.799961	4.137146	-24.149454
-25.815144	46.436306	27.281038
10.253509	-31.374046	51.247314
-9.822886	32.240124	22.917664
-15.044131	-59.853485	13.109909
-9.265907	-46.300365	-3.259998
26.427185	-27.331905	8.284202
50.546223	-39.456337	29.71466
-12.259532	39.632526	-2.8698916
26.90471	-21.384743	-9.145753
39.565346	4.383321	16.308014
-19.39055	-3.3233125	-56.28001
-2.7025526	-57.0078	-41.18374
-26.27199	68.01098	-16.49956
22.668753	-28.32289	20.59954
12.051955	32.69884	50.01928
-4.1552405	-16.144056	62.381725
31.525091	-37.14007	5.0352077
-3.0866494	7.7445955	-0.18661788
49.239895	-60.721428	8.669438
24.02382	-38.419743	2.7610304
34.551605	-19.659817	26.72205
-37.850754	-8.087649	-20.50814
48.65453	-12.162909	33.805653
5.7024117	50.718197	-35.908066
34.00873	-45.973877	-13.953257
7.5039725	-64.92139	-11.375776
-31.531721	27.69416	-27.73753
18.747093	-54.623974	21.103088
-16.563559	-86.87428	-2.864969
18.14732	-13.1381445	88.517685
1.1044401	41.617645	-25.25069
8.102938	7.560684	20.155685
-15.708636	34.893997	-8.605963
-20.517675	-44.63848	44.297672
-30.89121	-16.283447	17.748722
-25.233122	-21.521847	60.08549
-25.064474	-24.145992	42.169342
-41.166954	-25.343681	77.09808
30.923115	51.063732	5.030738
29.774448	63.160618	6.3948884
35.163902	57.9621	-1.3842605
-30.316217	-35.48377	16.154688
3.9657822	7.2180657	223.08203
-42.105816	11.514151	-39.69338
16.338272	44.92148	0.8076538
-7.3048787	-18.26937	9.454409
0.3503356	-40.200424	21.208364
-7.923935	-30.226128	0.07080565
-25.90342	-6.933712	27.085386
-32.369545	-29.728022	-30.960384
10.474533	-2.2846122	83.270996
39.89425	-33.805004	10.214553
-11.979513	-68.20842	35.46751
12.280124	-68.93447	47.041386
-13.789985	-0.8873724	-10.7434025
-11.379445	-69.13424	51.42749
5.669694	-4.1182985	-27.999962
27.40887	-12.614888	-80.74941
8.53267	-2.9484293	-9.178533
27.930552	-1.3533112	13.245094
31.84701	-31.11378	15.879682
33.76996	-24.44929	18.372364
42.591835	23.42198	48.043636
-33.28194	54.37437	-27.51763
-76.86651	17.951296	26.929342
-44.237434	-65.29673	-1.3670354
-31.092615	-51.419445	-25.849016
35.62668	-20.03651	-1.8116268
61.255558	-22.620775	12.750869
46.166954	-35.27527	-28.133867
-22.055395	-45.226665	5.2278233
-21.427197	-40.626522	-11.228641
3.7709615	0.5028604	15.461605
-17.384174	44.847973	8.089496
-35.820587	27.551323	-8.421356
24.70994	54.801743	-17.463148
-43.998592	-2.3633263	34.893394
-17.956863	41.721035	59.964897
-58.9598	41.03671	0.97281665
-3.262866	-26.877066	-35.87765
9.247639	23.335346	-22.989756
-6.5355473	24.446177	-52.07995
6.4857116	-37.294415	-49.017532
-9.245889	31.486982	3.0166636
15.415357	46.63702	-28.406773
10.884132	47.20706	-24.786188
8.84397	46.148533	-32.601814
13.912676	53.93419	-24.890549
5.900743	52.97298	-10.73568
-37.062	-3.0973809	-33.312836
-40.22828	1.0329459	-39.35228
4.300971	2.4987788	-68.09372
22.664314	61.600613	-23.743486
25.974974	45.580948	-0.7664203
-0.015845057	-22.853123	-42.638706
46.563923	3.786953	67.940926
39.974556	48.83159	-3.4805906
12.960272	-2.5117316	-40.139965
-3.145039	-9.403373	37.093952
30.068039	23.964514	32.762417
10.963147	26.187523	78.719086
20.712605	-15.088751	45.676056
1.5763439	50.01289	39.796173
0.4341736	-12.316726	88.73008
-7.2656636	3.5435371	-64.53814
-33.851383	18.380772	-57.3103
-17.01104	15.042903	-11.63427
-23.904797	2.3542807	19.013786
20.094896	-7.484397	-51.183216
20.495361	7.031041	-65.37532
-26.438288	39.705696	1.3940754
-65.21015	-14.749124	15.275208
16.719925	-2.6101224	54.802208
22.399046	15.70088	-55.177788
-7.151393	3.5571833	-43.847134
-57.309082	20.730284	30.183067
2.7284858	-39.778126	-0.91275126
-4.64914	-58.68253	42.354935
3.0189648	20.48276	58.29213
-9.233457	-57.26098	38.454224
-5.367733	-27.244493	-8.94149
0.6122058	-24.33431	-8.191935
25.426668	-12.012354	16.821775
-10.147723	59.909805	32.120045
5.659184	-60.32684	-22.084293
21.562576	7.862027	11.253691
49.80257	-16.333624	22.2225
11.067056	-25.290962	32.389816
-27.352098	22.758574	-43.528954
-1.3315192	7.5984297	-62.74893
-0.046118166	23.438587	-20.995735
9.626865	15.747385	38.80764
1.276479	18.657835	37.781944
-9.350063	35.611202	31.854254
-14.623457	53.53528	-15.846174
-35.469807	-42.93526	-19.595695
5.7031593	-1.6101809	47.651493
6.1777964	31.896137	10.179193
-13.941116	-63.893337	-17.418371
-12.798271	54.295925	-43.311874
3.1478863	-68.992546	46.53519
-4.6442714	61.457523	-26.235407
-13.677157	60.682953	-53.669975
-2.4256005	67.84718	-47.611313
-10.06586	18.579077	42.379143
14.818746	30.633402	28.983156
21.370335	-33.470562	-36.031322
-49.051125	51.512867	39.11293
22.619225	41.29099	-46.913876
16.100765	-7.2806163	18.746685
-29.219858	6.9863825	-51.697826
-35.251907	11.190906	-47.628864
1.624728	0.64150405	1.2981913
-2.065356	15.448051	-0.47936866
10.289724	28.077364	-11.550756
39.074577	-11.478993	3.0952122
2.554593	20.460318	-51.08512
-5.6403894	16.938124	6.548911
-46.164677	20.087116	-13.572043
7.3625317	34.92476	-63.90165
-50.582375	-10.9728	57.163853
19.466795	46.49808	22.42456
-54.61684	-1.4446557	29.518787
50.649406	6.834124	52.154224
-15.038221	4.021404	23.357954
12.41128	34.798393	20.758526
-18.660109	40.38952	46.50855
-16.328276	32.236782	52.90895
-43.00309	-19.052845	34.179436
-1.8359108	-12.221944	-16.576231
32.404175	43.162457	35.45392
11.10385	56.48242	30.099997
14.335097	40.953037	55.969463
39.664593	27.851854	13.737748
-28.844229	-38.994637	-58.310722
57.38464	-0.40068018	-6.346379
-21.629637	30.628757	-29.212742
17.339188	-35.225693	31.845152
-8.165553	-39.555534	1.7345452
-3.5897293	46.388798	-37.41006
-13.973709	34.329544	-48.554317
0.48994455	22.672325	16.149824
-35.63856	-26.124292	41.669235
-37.80555	-9.409224	0.4804923
-49.419205	-11.714996	31.507393
-44.09939	43.85376	47.36526
-34.59836	-25.501532	21.945192
17.293009	-66.12637	-25.935722
-3.8388655	23.3081	0.67473847
13.034339	-14.90402	-54.652294
-29.5987	37.038906	-20.319399
-20.777761	16.526714	1.6273075
-43.340435	24.3104	-2.279173
0.04517676	15.4493885	17.708662
8.984691	-24.62037	-24.489618
-16.372694	-40.616974	24.361769
-2.9915383	-69.55912	-35.46214
-69.80424	-22.503983	-22.260485
-34.457024	-60.85059	29.429012
-5.1035886	56.039234	-48.273956
22.662365	1.680233	-47.902157
37.589905	8.83854	-55.666134
-106.99214	-102.39262	-29.114365
-40.926678	-44.42888	5.50504
-10.870054	-48.373535	73.768524
-9.801169	-34.489212	-22.065283
26.102772	-28.285315	44.891113
23.586834	-16.167465	25.96454
0.86007893	-17.8801	41.608685
19.291325	-9.946805	25.561913
6.778707	-68.08856	15.899075
13.515041	-64.55512	22.247082
4.293937	17.329731	-64.56638
-43.799797	3.7230754	69.16072
9.8825	-23.81252	19.520624
-43.546898	56.259323	-0.3127608
-52.518463	28.374296	-22.53836
11.1717825	17.040482	58.501484
14.80097	-7.166215	62.314587
-23.942837	58.366646	-34.00106
-11.507682	-47.594955	-24.394606
1.8121053	-29.893782	-14.053582
-5.556761	9.329159	34.420925
41.12344	5.3377447	4.8705015
28.276735	6.7046103	21.400366
23.03242	8.173669	-9.339678
31.218985	39.71932	-15.457299
25.544079	44.90059	-15.437835
-2.5603242	55.59555	-12.321915
10.38438	79.95297	-3.284134
42.442963	41.18848	15.642654
8.128371	54.54725	-31.281612
-45.92748	-23.673395	8.12335
-5.340983	24.026167	-60.278965
17.816826	33.852215	40.55893
3.0522578	65.58599	19.65543
32.46047	45.740612	-52.40109
-17.317926	5.4055176	86.12546
-33.037525	-16.82819	35.860268
-42.810066	-13.094723	22.009748
-15.970839	-14.814603	10.314629
-24.796158	-9.690198	59.397034
19.426682	15.134481	-3.4658515
40.14271	45.558567	-14.888497
-21.312078	-21.651482	26.749346
23.903816	47.851337	-24.920853
-66.64232	-33.79665	-2.7992737
-53.188183	-9.114784	20.483976
-43.12161	-65.58185	-15.529812
-33.55202	-6.7085648	53.48886
-15.656533	-2.0141091	-19.166584
-12.747125	3.4048429	-25.42664
-54.38071	42.46985	55.835926
21.647348	31.766905	12.32335
-27.9342	-26.277988	32.62396
16.136663	35.23143	-45.350124
13.080679	57.82897	-51.219845
-8.120249	12.5911	49.429413
10.317921	67.753105	-1.9945323
3.8078752	-27.96862	-35.518314
-9.51008	43.36968	-8.881696
27.093262	35.523834	1.6252774
-15.202645	58.468277	13.585948
18.317797	-27.41161	81.68706
-6.7529206	40.471333	60.078636
-28.780428	-27.609396	-1.243126
-31.15308	-8.359373	32.760593
-33.87468	-10.664105	26.462358
23.871918	-1.5773282	-28.686323
-44.378216	1.496477	-0.43648973
-50.10481	-19.286629	16.673239
-59.23951	54.32819	-15.954484
49.17464	37.863064	52.01312
-30.837305	-60.34481	1.9990737
20.851984	-31.71399	7.8370867
-26.707613	-64.23636	-4.4421515
-25.319864	-63.638714	0.3319298
11.859945	-3.453923	-0.6152773
-32.09301	-63.280163	-9.954156
71.83916	-13.801509	37.072205
61.572388	7.4722214	10.953579
-30.889946	5.163569	-61.61072
73.12806	-8.859736	-11.37174
13.077605	-51.07819	-22.555922
-55.151096	-40.793884	39.8274
-9.506804	-1.0517166	58.724083
-19.302061	18.252237	28.585608
17.96436	-10.376341	41.523827
-30.102663	30.763794	-42.386063
18.594885	4.5454826	1.3811142
49.841896	-22.010744	3.628596
-0.52802163	24.505903	-5.4587917
-17.102142	-44.76657	-38.457836
47.002724	-42.22383	5.192429
37.321205	-40.036427	19.778536
-22.614634	-32.137463	-24.508808
-8.932485	30.834478	-63.794186
23.067493	56.35577	-23.253708
34.41646	-23.315819	10.131143
32.877224	-15.653034	10.750376
4.024296	31.943657	87.692665
-61.51957	9.680407	34.728333
31.48297	31.497175	39.761337
11.648942	25.036036	21.850405
-9.137034	69.6494	39.91703
-6.6847463	1.1737461	94.53633
9.108499	12.898099	83.3269
-31.20959	-5.707349	68.93921
14.752804	51.66743	3.7521725
-1.0491912	38.599777	-8.6820135
9.343082	6.2671504	-50.130558
-17.813677	35.20869	5.456856
14.078407	26.333529	-79.0369
21.13356	-20.695889	-69.327034
1.7275289	-22.7979	-29.085325
24.225616	14.645862	16.056822
35.327545	-20.599583	79.10991
-42.41998	68.700165	4.7130313
67.75685	1.6553414	1.4844229
-64.667595	30.05686	36.693768
8.020055	22.675875	11.181503
-12.532126	50.18933	37.137695
53.691097	19.667082	31.754461
16.881525	-30.586763	16.81439
-32.574276	-38.019676	-3.0018296
-27.737997	-40.279762	-4.990157
-25.002428	-44.94858	-3.8594582
-30.233305	-37.468624	-11.259176
-33.586514	-32.593716	-20.574814
29.73448	-20.513084	-44.27045
-66.28168	-1.417662	0.28029138
-43.18398	36.79617	-8.108839
30.788343	30.584461	-71.84647
-51.364002	16.667797	20.576515
12.391375	39.903538	-5.5096507
-3.7452762	45.814762	-5.2738404
1.5423533	40.20168	-17.884916
-25.532675	27.63232	-7.785212
39.761784	-10.494739	15.090897
4.930864	-14.794358	33.264286
-62.153774	-47.93009	-7.6483846
10.913883	-71.76557	-35.664116
58.82664	-37.58733	49.452595
-4.292709	37.855858	-36.291832
39.747562	-23.627962	6.9198523
7.510171	-74.33871	44.173656
-57.488625	10.717602	-51.427452
-54.77493	-11.9190855	9.69349
-53.965176	-12.081887	-34.864006
-55.845432	-20.412111	-35.826183
-9.240325	67.98121	22.742323
10.763908	51.683018	38.008507
15.330929	47.812893	43.56614
-1.4555244	-73.60148	21.278736
-0.9447653	-23.494488	3.4159229
-12.557373	-61.67356	2.3050797
-1.9019183	-64.95407	41.682487
-8.105073	-67.355415	24.312794
0.23541649	-16.51177	-1.0669335
-17.838245	-56.17271	-2.7386978
-15.73716	16.369493	10.328734
33.576946	-67.14834	42.809013
48.029095	-20.49622	-7.776646
9.970226	-23.921198	-10.862046
14.758454	-19.892534	-6.850287
38.293636	11.430162	46.758213
-7.9864807	-9.10181	38.029266
0.16566148	-5.0611224	-49.149353
5.810727	-3.794607	32.211327
-25.954617	13.17987	-7.111659
10.991895	-5.6363306	12.546892
-5.1022024	-15.994271	-7.80999
44.552578	-34.19982	-12.929388
-21.77708	-76.25275	-1.3108455
-25.743425	-73.39894	4.0361195
-20.674307	-75.53454	6.015149
-10.604102	-63.49749	39.264854
-13.54537	-70.1207	13.300077
-20.871548	-65.071	17.727053
-8.0804	-64.625336	45.790455
-15.689185	-59.593925	43.138054
-10.350646	-78.487274	2.0563889
17.68089	-58.358017	33.87941
0.7849156	51.331192	-43.069027
-1.6259644	40.106724	10.491183
3.8603659	42.48877	-2.636443
-1.242446	53.29192	30.122839
-66.93266	20.977016	-38.368046
-18.989765	6.732573	-8.854689
-22.769611	14.12962	-59.675175
0.79576015	4.650822	51.443768
-38.456997	-31.278452	-11.676385
63.80211	-38.76478	19.90114
29.083538	-62.379936	27.814882
6.06587	34.72036	-12.875757
-50.425293	20.186409	5.05449
4.839607	8.497243	57.272736
23.39628	-39.439693	39.9224
-8.74881	25.087656	-5.221304
-4.531767	-37.553566	-2.2320478
10.44015	13.451206	-33.974865
54.20493	1.5973777	18.451714
-68.97834	17.645153	40.923756
-25.838268	13.052304	-31.098825
-5.9111123	2.7135725	18.40484
-8.962469	-2.461759	23.59819
56.87698	32.178707	40.604717
-17.932104	-17.108263	19.622112
-66.520134	-2.242076	13.098419
18.382774	18.012527	6.716943
11.461398	13.2896385	49.14652
-25.933891	-7.6251345	18.676962
30.690947	51.75099	30.576103
27.862053	53.395985	12.720052
28.674704	66.08714	-4.2651696
-0.7130417	-37.85473	-52.486668
-75.78803	-19.400833	6.934241
-19.148478	43.484955	-20.100718
40.27998	48.85473	-37.414253
38.28696	41.530273	-37.268784
32.96072	13.56363	-45.426743
26.191845	41.809906	-38.984356
-65.28059	26.448112	24.058725
10.025235	-33.21623	-15.771905
-1.0610497	-1.0760249	12.387577
0.9922058	5.897822	15.9781885
0.053477816	-3.2569954	20.957663
-4.094653	-10.713888	18.206808
1.9244003	-55.535267	34.272423
-5.4262605	-51.586193	37.728214
7.147746	-24.479118	-2.1484933
-10.892977	-46.292522	-14.957793
-5.6706877	-53.19521	21.686907
-5.764423	-59.138523	23.975908
1.402906	-60.63934	36.15408
-1.0701965	-55.522236	28.795792
2.0859058	-62.73087	23.851225
16.809258	-77.010826	41.175026
2.2642157	-59.8138	30.313604
7.4072056	-60.806267	35.275322
-9.599962	-70.59728	-7.1534395
7.19201	-54.313934	27.464857
-50.29588	5.592729	38.99118
22.829046	33.302956	49.70527
32.660194	45.221977	-39.282463
64.95862	14.098215	41.031914
-16.416655	16.47491	35.969597
57.99446	23.450674	-23.978548
-62.166	46.813385	15.769436
20.317192	-55.167145	69.01469
-39.868214	19.208246	-23.880629
-11.677489	6.061739	-3.5397873
35.732037	-56.2306	-27.77156
-47.11025	-1.1100448	10.308088
-67.20417	9.822459	-5.9793806
-25.203192	-14.258751	12.346867
-29.540182	-13.552573	31.181337
-46.190376	-34.439728	0.79300064
-15.171155	51.979504	67.19299
-12.197352	-34.63004	71.39073
13.853239	17.787199	-20.30855
-3.7839713	-68.343025	-15.531133
2.557265	57.558353	-57.87891
22.73438	-17.291079	-50.67003
17.371439	-39.85829	-32.157627
11.69297	-21.212006	-47.70615
3.5255039	50.061028	-51.602688
15.813952	-2.8958673	-46.928257
-4.2222056	38.31992	-23.654398
-58.45817	4.2676287	60.835346
-53.80221	-0.6955556	54.939037
-16.877563	-6.560372	53.317287
-57.81796	-2.6982696	51.113262
9.245629	46.173634	5.0801034
-48.039314	-1.2258277	56.922276
20.62691	29.823399	22.16028
22.224806	56.96503	7.369133
-4.109493	55.902473	-3.6655807
15.63915	-12.20709	-46.41748
-23.265049	17.061775	-20.400045
-12.350539	45.57087	80.923225
-4.002103	10.99099	10.158376
-16.951933	-41.32022	-20.54366
37.558792	-24.765656	-12.050255
-8.268872	5.5903625	7.8159976
-79.22086	1.0632852	17.582651
-31.15785	-75.88144	-11.189259
-43.170853	36.205845	13.068939
-48.96538	-23.553007	-54.015068
28.954628	-17.425917	-19.93542
19.59656	-26.029175	26.007109
-19.487133	61.822594	56.895374
11.469931	53.301113	-64.097305
68.53098	15.102364	-13.097115
-26.956993	-1.2475089	-24.709148
48.78857	-25.62992	13.79971
-34.86725	-32.674404	-44.75959
-5.26942	-63.237328	-25.904238
38.00508	-34.805786	72.416275
-11.833392	-27.989758	-12.277633
-31.471205	10.74632	2.0982165
-29.085474	47.649124	-55.302162
41.91944	-3.256653	-3.389371
0.2861687	-33.107693	-66.530594
-54.383587	34.33065	-52.853195
-22.117565	12.202401	28.195223
-12.3218565	-27.575735	14.294251
-50.316143	-34.844193	11.52028
-7.744878	-2.7092364	75.15783
-41.34311	12.364101	-4.7863097
-55.741478	27.005136	62.49917
11.814162	43.000023	-36.3748
-19.511347	42.365215	36.108974
13.677062	1.764666	17.876429
-43.801765	-27.068272	-35.69421
-20.10107	-64.82145	36.893543
-26.466637	-53.36893	-6.072146
-47.198845	-39.826355	-26.442404
-20.38514	-67.253784	32.129425
-16.533361	-46.170788	16.809042
-24.308521	-2.4512274	79.01448
-12.232378	24.013584	57.112125
2.1840663	-55.287212	51.52763
-68.594246	-2.5066729	-24.343403
5.0383477	-5.7265058	-42.508198
-60.908875	8.912384	-37.37172
8.234365	-41.90592	-30.751795
-19.882938	-70.04447	45.057068
-37.380783	-75.9259	1.3375547
-27.221159	-67.94501	-21.91228
-7.4759955	-57.788082	49.391087
6.1170053	-62.149277	44.033844
-51.575233	-43.556313	-2.5074294
7.8839316	-49.860245	36.807743
-37.73284	-28.441204	-0.54341316
-30.472366	-17.746536	-0.8315645
-16.560755	-48.207714	-0.018626874
-26.473766	-8.593342	-0.8992446
12.741676	33.77206	68.80972
7.50991	4.5726266	-2.399079
-5.8077335	-32.982994	-4.312915
19.598993	-26.860312	-22.645266
-6.710763	-62.24805	57.161217
-23.351206	37.870193	-62.235966
-23.054901	55.788635	-23.620007
14.33435	61.770412	-33.528534
35.84534	30.774187	-59.140133
-36.80757	41.032917	-47.725563
27.794096	30.60439	5.288128
61.020153	10.169237	25.858187
17.085405	2.7706707	-42.507748
-58.948586	45.335213	-29.557055
-12.470697	58.087517	-7.6503963
-6.667469	52.22908	45.126774
30.635145	-8.459559	-12.801574
-14.019992	48.068867	-24.477293
-15.324632	22.952017	-61.657547
55.921757	-33.99173	8.872127
23.814371	27.925991	82.10736
17.81323	-49.430897	44.06667
-19.048529	-58.158577	51.65055
-5.3829184	4.2685633	42.95513
-45.39948	16.95717	-32.55385
-23.201984	30.952988	-37.13255
7.1502247	15.592674	-78.98426
-47.10373	13.965394	30.36269
21.14684	48.988686	-12.4819765
-29.995224	26.679	-34.3686
-17.498384	16.80982	-70.62721
7.4289007	-80.28554	30.057264
-11.899425	-23.70638	3.7556794
21.9858	-40.488926	75.03871
-5.576827	43.284477	24.13248
-22.291897	5.6222606	-32.24468
7.004743	-2.8901696	18.948524
7.5398283	-59.301537	-33.916344
-41.250324	-11.1142025	-62.810894
42.22835	4.8125076	-9.615233
5.4940286	21.706398	47.006493
-70.20193	-14.591264	-42.719555
20.697096	-17.238482	4.386849
14.908761	-12.40625	3.9714606
-18.239017	-66.706215	-2.9597054
35.20264	-3.1104648	36.14431
53.754814	59.77088	3.1880894
34.62145	26.444557	24.167608
-19.36555	-35.412014	-17.658545
-39.407684	21.081635	25.588404
-36.965786	15.8255205	17.889894
-15.292488	25.621058	8.72959
25.312277	-7.8953032	65.687996
-24.767887	-40.434227	69.16459
-34.62197	52.18752	34.289978
-5.2990117	7.3801584	-58.60175
-7.099287	16.477854	-8.6916895
5.6447687	24.113861	-5.6050906
27.773869	14.805471	2.4788654
-17.46826	23.718676	-44.92722
-33.881424	31.860062	0.88815075
-19.265244	37.89578	-37.25018
-21.101011	35.005276	-4.645663
-36.241196	-12.430846	-9.578462
73.50193	23.086716	-0.35297325
-9.700443	24.364754	48.590107
12.434612	44.66505	16.965181
6.0219574	-47.620148	-4.7582817
-6.926657	-3.6846063	-3.9727025
58.092365	-7.033841	41.50431
-61.96749	-0.33363605	-12.972656
-5.275349	16.46357	-16.378576
-24.67182	-22.474957	16.60629
-62.5065	-29.379349	42.941345
2.4931111	13.622391	50.33171
-2.1275716	28.548094	15.45144
-43.078766	61.603714	32.298748
17.674013	1.6021503	64.40638
-19.975502	-53.978203	19.877426
1.0639321	-35.70985	-20.729721
-11.390974	-12.1185	-20.087025
6.3019633	24.958801	29.320911
21.227026	17.774256	58.63576
55.284233	-31.40713	-3.0645757
34.0769	-57.30875	15.368405
-18.009598	-26.462141	-32.57555
37.277657	-4.011739	-58.7474
-22.315563	59.66624	-5.6333227
-26.064035	5.9152393	-40.797104
4.2486887	6.0233355	-87.79708
62.700886	-9.204718	2.906018
-34.317577	-22.390602	-17.047693
20.668339	36.051983	-18.0529
56.671543	-37.06282	-24.374037
-61.26189	31.232393	10.405412
12.388201	47.421654	-10.521603
-15.519867	11.276531	-37.18447
-18.824884	26.791359	-53.450653
27.09179	-2.6486945	56.622883
-33.59549	-52.820683	38.754642
-1.4690733	-37.491707	32.35422
21.096277	13.922484	48.20716
-1.4017318	9.935886	-12.527537
9.95224	-36.494495	40.425346
-0.38401422	20.775698	75.628
-43.39657	-11.17437	11.185733
39.15209	35.500088	-6.712333
-59.162376	-26.252325	11.0601225
44.72967	-25.491823	28.074457
-10.171711	-53.283894	-8.334519
-24.408577	-57.370934	-19.458889
28.808277	70.02542	-21.051949
-33.36412	55.392082	-3.2604618
18.642376	60.8201	-3.775641
28.665	7.403778	52.763855
-23.588894	50.428074	54.485363
-34.006077	-66.73276	8.64232
-2.2175167	-67.051895	52.57491
41.55181	-6.109842	28.098135
48.176052	-3.879996	20.668745
43.398655	-5.2189336	22.261639
14.165245	28.41772	58.958317
21.856724	-10.375505	-25.653221
56.150803	51.245216	20.372892
-30.538467	42.642014	-35.75091
7.8695135	-25.998672	-60.40642
-39.889084	-12.62593	62.144382
73.12758	-16.373165	14.759491
5.800036	19.510643	1.3838236
-32.418358	22.085917	-48.724922
-13.560237	33.136475	-57.53689
36.587833	-27.263744	33.255024
15.545742	7.405354	40.950417
11.768984	9.5199585	64.58942
-6.8309894	8.730312	72.34166
-154.70593	-492.73337	201.25163
-26.430832	45.935665	-10.7933035
-27.139296	33.903114	47.125896
-12.531195	-11.969206	-33.491745
0.77933675	-27.488228	19.254427
-0.811613	57.38237	69.6868
-32.169968	0.9901826	61.502808
-67.28814	11.329143	20.304512
-27.01763	12.554791	62.4161
-18.329134	29.19222	-70.07264
-37.29941	-26.81885	32.09976
-18.762346	-25.639706	8.517637
17.832901	38.926846	20.183102
-16.984024	-5.757412	15.838545
8.3617735	37.6744	31.843288
9.328861	-51.002483	61.368935
-3.864122	30.783026	51.510426
0.3555564	37.87236	53.52807
3.345152	36.594715	58.94381
-34.10606	4.7532163	34.294006
-38.02328	13.268457	34.78751
24.481737	51.928005	21.37592
4.397991	38.50518	-30.409369
20.352087	53.261215	-33.213688
3.7037444	5.183802	3.0780466
28.862267	-55.49784	-9.053806
0.20477974	32.75452	71.483215
-56.700047	-4.1170263	2.2627482
32.582882	40.484184	17.682297
-21.408009	37.000854	-51.921173
7.740797	-7.7158947	39.84424
-52.31091	-27.655003	34.416336
0.12320094	44.596375	72.397316
21.474928	-55.459213	-29.083889
31.129822	-19.207203	47.094715
-22.922	-32.611298	81.43588
-63.91301	-18.800678	1.8299829
61.666767	-20.631062	45.698776
-0.554805	66.044815	8.035406
5.808125	-21.745525	9.460645
-20.688128	-25.26708	-9.447383
-13.323436	-35.88543	-13.8533745
-48.732307	-8.689004	70.659874
58.645523	-32.568233	-14.289902
-34.80874	16.405361	-28.504358
7.9028225	1.5547967	5.0506554
-13.201287	-3.6980429	-43.650936
-22.031658	-67.018974	-10.037115
28.00755	-19.651333	3.4217048
37.017693	37.19738	27.088139
65.30658	1.010833	50.367607
-71.037346	37.9052	22.843126
-31.28378	-20.169823	50.815987
1.5579208	-39.463108	10.999299
-1.719196	-86.864006	6.3340607
18.433897	8.334463	21.192675
-32.102528	-37.749176	31.25157
-21.306326	-33.483414	-11.18902
3.681887	25.959135	54.90064
-18.56605	10.459291	49.568398
-59.603493	42.924107	36.213516
7.5719495	-23.39834	58.86804
29.914318	44.802612	24.842638
24.05138	41.162964	30.16362
-29.657015	10.72481	36.119724
-20.287918	-25.233892	-0.16690055
-50.359676	60.14901	13.626126
-59.220024	-15.899763	39.530636
8.613959	32.19856	38.05666
6.463756	-12.154842	47.58525
-12.665663	-11.991408	1.5126708
-13.7252	23.88071	-29.856577
-14.857338	-28.729095	-5.694596
-0.59527594	-59.46864	-11.990027
-35.439075	10.970702	84.88884
-54.186108	-59.987053	18.816683
-41.454865	-55.102436	19.123396
-24.678324	-52.722897	4.233411
-13.0598	-49.394035	23.52882
-31.491554	6.3983727	72.73637
14.414039	-48.633797	-37.78762
6.5293713	-71.646484	4.5772896
-25.18318	-44.16552	22.78417
-15.196003	-56.02744	29.6624
-23.416428	-21.681263	-23.954897
-8.934739	-34.034863	25.7357
-20.921064	24.011679	61.95869
-20.201351	60.300377	24.069668
-1.180144	-46.70356	31.367943
-5.316486	-2.2735472	-20.750998
-7.9367437	-4.5535774	9.901691
15.438136	-14.234042	-20.97925
-12.319172	-5.84978	44.16998
-14.753758	39.019928	19.20678
2.032538	62.750797	-0.71367705
3.8436985	51.589916	-0.5019767
8.222063	37.337185	-41.461903
17.932709	-8.371888	-30.549961
4.7818513	-9.192128	-55.547623
-64.24823	12.054628	8.194005
36.82026	17.36071	-28.267233
6.5753937	-10.464759	64.55074
12.408178	24.437847	40.663383
-37.75357	22.864317	-34.23744
-56.625347	-57.35731	2.9491007
-0.18945241	-42.277943	83.041756
-31.595236	47.456417	66.22597
-51.416847	14.459288	64.236626
2.4439447	-6.7239223	76.26481
-33.953457	-18.194641	-27.523426
61.825733	-33.42655	36.264786
-39.355717	-55.2534	-5.7086143
9.383063	-57.068527	15.348482
-3.0386648	-67.0563	32.44473
-24.550186	-47.531532	-15.894058
-6.6986747	-54.885582	-19.724327
-23.9778	-57.796562	31.247458
-4.082655	-30.936071	43.329994
-7.646654	-16.709578	29.13664
-15.885344	26.297127	-15.793887
12.903187	-4.186934	-55.321827
27.78379	-21.357893	17.826906
-11.280959	-29.898989	57.482204
13.199652	14.845702	25.361078
-2.226464	28.659399	7.6086416
-49.241352	32.68723	35.11513
-5.53347	-2.1985846	-35.887306
52.183216	-6.455758	54.25335
29.905445	31.563911	108.104095
53.604424	-1.7126783	30.415571
-34.54067	-53.923836	9.623479
-53.488384	19.813705	40.94645
58.502186	-48.562714	8.471566
-15.1758585	-57.19905	34.98848
18.077124	-31.927704	-1.5746105
27.79282	-8.59993	48.91479
-30.41313	-40.832047	5.8803215
13.938865	-21.817558	49.26943
-30.038698	-53.75119	20.313553
12.617088	-77.808365	34.77869
10.309902	-78.709755	39.915665
12.794806	-83.47393	30.735117
3.013445	-89.9832	28.58449
0.29609105	-84.354	29.010607
-0.16191562	-87.91022	33.926334
5.0174394	13.1785555	23.762804
-7.6378865	38.87726	-15.021065
34.654587	3.2035537	27.823217
-13.637505	15.352989	-4.4196515
-41.775875	13.404158	44.662895
11.010688	40.328865	-21.69799
7.0558424	47.602978	-19.252764
-21.837357	5.1201468	40.09624
-13.434119	-10.189087	84.673325
33.00037	22.01022	-1.0384489
64.92369	-21.157166	-0.59313494
50.18174	26.107967	11.899525
-34.206253	-22.589073	-53.600178
-22.978	9.285847	9.013501
1.3667113	11.036106	-72.58293
5.913361	11.532107	-46.92833
42.172012	20.208874	28.730686
22.061577	-1.3958007	16.857218
-11.083391	-23.240913	-11.35441
7.471374	-19.306543	49.48353
8.895744	-82.47136	1.2221023
-44.234287	27.492235	-33.190388
22.08101	9.240882	-19.341028
-11.014188	18.44577	-31.54052
32.7048	11.066785	-8.294346
-26.73192	28.857542	-48.636623
0.7781017	-43.51981	41.12587
-62.99202	-37.585415	28.671215
4.562613	24.363874	64.242325
28.323843	58.35088	-27.064548
9.669758	23.126896	-70.08629
-35.920193	45.864197	-13.95709
-50.649582	6.1299157	-10.767311
-26.072868	20.770464	-13.2318945
8.26369	12.639664	-57.347584
2.2320447	44.11887	19.197794
21.78333	24.438738	-70.91159
-13.764745	53.779743	-31.34907
-41.21431	-15.478445	50.869076
28.142286	15.642359	-59.339077
-43.167175	6.5272036	20.179003
-40.476597	22.761837	38.15858
12.727755	-4.7791348	-65.41736
-0.7967164	5.095996	7.1721725
-22.62953	27.353493	1.3309513
9.062636	44.191635	-57.592922
-19.581125	43.49624	-4.948369
57.08575	13.385485	-7.3590484
-4.9597926	-15.645896	74.932625
-30.606869	0.006266942	39.51066
-23.971998	14.411316	42.631966
-26.918764	-3.5305033	8.160405
14.847141	-37.014954	62.50495
52.414753	-2.3567579	7.1531796
-19.129898	51.95056	-10.502508
-14.47845	6.120691	-69.03823
38.819805	0.34070453	87.053566
-26.809877	-22.0537	-36.86711
30.1552	-0.34010452	43.87499
22.613422	48.07952	70.06729
38.39942	-55.587997	2.1578038
1.541001	-54.59464	42.480865
-68.566605	-13.959403	-8.602959
18.640585	-65.10288	-5.542805
-22.210583	-35.519753	3.762259
-22.987827	-33.49326	-2.3813765
-18.155489	-40.515625	-1.416231
-28.986675	-29.125868	23.268133
-21.070154	-48.34178	-27.392473
-42.401043	-51.479675	-34.069817
-37.064796	-32.314636	23.797462
29.304794	-49.08057	23.255331
-55.18024	-49.434967	27.672737
-11.705494	80.80601	18.559881
-11.238544	78.755005	-9.246565
7.6766567	-42.692604	27.813246
-31.24565	-63.06731	17.621357
-11.368999	25.89466	-10.92717
-36.57619	67.57331	-42.729595
-32.438644	51.647896	-41.968395
11.561333	9.144742	-18.537106
31.767183	58.14401	60.571636
-7.0859194	-78.09432	12.874832
19.285995	-12.51756	-10.994785
4.2654386	-75.21698	51.19956
0.1964154	-58.546432	16.387386
12.112325	8.121899	13.238295
52.532185	30.277658	1.0600854
-10.45175	-8.317102	65.79069
-8.613228	-24.800344	66.6165
13.992014	-5.29338	70.94169
-0.44063336	-4.662637	-11.25513
16.139872	-48.5579	-1.8817466
37.935333	1.7804049	-46.94378
16.778366	-1.725782	39.386517
28.02638	-1.5050287	-5.200103
32.971676	-4.431859	18.148918
-17.800022	69.68664	-5.2204
-35.141308	17.844599	-10.725275
-37.21296	30.222387	51.101017
13.780483	-7.2933445	33.51052
-48.20089	25.984602	27.172892
21.21709	-12.506877	36.51594
-65.46459	-44.016068	17.60725
2.6775246	34.09504	18.41109
19.823036	64.03865	15.935475
-21.972725	-60.68717	24.756481
20.245438	7.649877	30.680521
-27.090082	-34.75007	40.973755
13.873371	-16.134342	28.983229
-21.626425	-1.0788361	-61.84539
-19.791573	7.595124	-21.742666
-17.296057	8.4592705	16.39686
23.856434	-11.465745	7.547512
7.8259664	41.841507	-50.01384
-44.32898	40.466522	-21.569025
40.595146	-6.043477	62.232384
4.728303	-3.0547438	-38.360394
18.397352	-28.079344	-11.847695
-20.149193	-17.615477	0.012961221
38.840313	17.629232	7.301034
15.462539	4.800593	91.94986
-1.0124488	-35.47912	-8.822837
-7.646373	-61.733475	8.901007
-3.4239013	-67.721634	14.134853
-59.099888	32.844925	-37.896847
27.565258	33.442097	27.703888
42.953247	46.705235	27.131178
37.444412	38.62426	-43.633213
-15.93163	-65.30783	-39.12307
40.8303	28.79829	3.3727167
13.158016	0.8667283	26.284243
-17.74085	-82.96821	16.341335
-8.954459	-52.0964	30.402346
-41.550674	-20.853231	-5.9276056
-31.511066	-46.568623	-43.54406
-26.886293	13.322437	19.969723
23.865107	-24.377579	0.2559242
13.718047	3.3426929	31.617205
-8.756523	40.658127	-60.756313
-2.5729682	42.405113	-30.690405
24.063063	53.873287	-2.3817418
-24.850266	-18.531631	33.380947
-46.567356	-14.889991	1.8691845
14.680733	24.024998	-39.14727
-6.5345774	63.836075	-13.789841
39.12515	-71.183914	12.519943
-17.981422	-19.464373	-16.654713
-17.77857	-56.051514	5.891259
-13.589589	-41.053898	-8.140574
-9.213865	-43.275986	19.853941
-7.9834795	-40.893574	12.052721
-7.8618736	-59.69566	32.506588
-25.536736	-29.101334	-15.469569
-54.007584	-17.589508	-6.763937
-2.7418153	-21.713728	54.016712
-22.924976	-16.204552	-6.25717
12.531357	-16.302822	40.51146
-1.985168	4.846943	64.53895
56.404484	25.714897	21.695866
15.961536	70.406296	39.481846
-5.010811	-75.90891	49.568016
-32.29982	26.930323	81.70057
-0.7441947	-32.53833	51.703827
14.653513	16.226837	16.510855
-14.478552	12.13351	-28.185192
-30.176855	66.16797	32.45361
17.191687	-14.211802	13.146795
-14.864213	-19.15135	-4.143673
-14.635671	-69.863914	0.34447166
-20.007095	-58.89196	-10.417814
-18.91375	-64.876915	7.6679273
49.81886	-45.053738	42.0932
-10.553764	20.170567	-50.05895
0.18117876	75.805305	3.46788
-22.951437	71.77072	18.20927
0.63411915	-51.204674	-27.453867
12.295172	43.044735	-66.91415
-22.074766	55.222412	33.530476
-26.608097	-16.157238	83.09264
20.924389	7.8008	58.77154
-24.347954	49.777016	43.304924
-9.720074	52.848328	23.248951
12.73154	23.069971	9.755934
-48.894283	-39.077866	-49.749733
3.8101785	60.56689	40.098072
-40.385834	34.50828	41.33119
-1.1616266	3.5663733	82.82437
-1.3703758	-0.3743108	46.67885
0.03358227	20.380886	-71.57705
-60.006306	19.807156	14.312753
-13.33859	23.75916	18.832096
34.019905	29.84143	70.8183
23.861626	19.365467	-18.890001
-35.139935	19.762932	7.6014185
-11.160157	25.088762	35.375156
17.506405	16.242727	-75.00103
-37.606365	58.710472	-16.032589
31.436481	19.730436	-67.51464
-4.2748384	14.468399	-37.37519
-40.893185	30.242292	-19.027779
-14.048366	32.18563	61.406593
58.912952	45.542023	-5.5821066
-23.0431	77.53728	4.205467
2.057636	-17.840208	24.489843
-31.602879	37.29315	-8.206641
-38.70099	-41.60997	61.696964
35.483063	7.6600533	75.86499
-38.111748	44.17516	-0.29487982
34.014072	-48.43544	63.031578
50.5882	17.307016	42.975292
2.9729986	73.211494	44.604683
27.508156	-36.643147	60.901363
-31.69282	68.064735	-2.4370265
-17.198908	53.511806	4.0348406
-40.359093	-1.4742874	-10.510561
1.3041859	25.751066	-79.5157
-17.420317	-2.965796	6.9270573
13.837315	6.701842	-8.650164
22.621754	-18.864618	-27.330044
-24.179829	16.418533	52.59429
24.11244	-0.8012835	81.646736
-11.267604	32.12149	13.700108
15.1333685	5.4735594	73.66677
-26.894522	47.647465	-20.427364
7.030592	6.6657968	43.16678
-21.718729	-30.950615	23.424791
46.842533	16.81265	18.06465
-23.399761	-78.36561	30.308578
8.442117	-52.899803	4.133033
-15.721969	-28.42946	-19.017134
41.66176	-4.719369	10.760811
-2.7875588	50.486214	59.07504
75.212395	11.2185955	6.8132687
69.52711	-34.256557	6.3765717
10.177386	-80.3558	46.147045
9.315612	-89.30112	31.37045
4.3275404	-80.97906	41.462093
-32.156124	62.251846	14.437698
-1.8552545	52.55861	-67.86429
63.41908	-7.5726457	26.42576
-2.6781805	-11.356844	48.119194
4.517052	62.806477	-31.323559
5.4633512	32.38903	-23.142605
-27.23399	82.02481	-20.962034
-53.245964	-4.553892	-55.708893
41.51026	39.826912	40.176903
-26.648014	55.936028	-15.117388
7.8029785	4.6958666	16.035645
4.736626	38.764652	-73.59905
-20.362503	49.002514	18.352674
7.8699837	-14.701929	-10.569688
21.12508	75.98822	-8.827612
16.297745	38.928486	27.109333
-28.726768	50.728115	10.662048
58.055534	39.486046	11.176145
54.570904	39.129173	26.96794
-8.160764	21.881197	-71.35116
-38.367508	42.440998	-69.10833
-45.235107	71.04214	-14.871821
10.125574	11.025656	1.1148511
-3.072278	-51.08305	-10.503422
-23.415817	-34.334587	52.79582
8.375466	-42.31442	-12.813849
-23.70242	-35.58477	-37.80139
-35.33978	-42.60016	44.446445
37.438572	-45.81472	9.8958435
-77.382614	1.7646819	34.631638
5.203482	-13.931832	-24.165342
-38.509445	28.970303	-46.2556
-20.145504	62.80632	43.478554
-10.735022	45.934906	-13.035199
-50.245304	33.586575	1.3909189
26.831306	15.118836	28.488483
26.383755	72.04603	30.262455
48.596035	-37.904263	17.471304
-42.6076	20.666729	-44.90951
9.106174	15.628922	8.905987
28.630299	81.63661	10.370989
-16.765766	27.608963	27.742657
-12.082827	69.54987	8.72301
-9.65251	15.830381	81.30231
3.3422637	32.42911	45.776608
26.432083	22.39228	7.100124
-9.149008	39.99379	6.478265
9.753671	48.592934	64.04704
33.03108	-20.296495	53.148182
-35.437668	30.446447	-27.171364
-16.759172	13.970566	68.51241
5.18869	-26.969713	40.564816
51.362453	-11.690006	-1.1935467
-40.15527	-44.139824	-6.7440066
-2.8470912	25.033659	42.249928
-46.72191	49.47763	-10.509242
-1.4008679	31.214582	-14.389267
20.905039	79.592476	-39.370472
13.271829	-39.523525	-5.2883987
39.269653	68.12714	5.4883738
49.275013	48.855747	7.256894
0.7854007	32.061916	-33.615273
6.344947	-73.04003	-22.348284
-12.811596	-46.488037	6.8713536
-31.944786	4.584594	47.739525
-4.021577	-28.28777	-21.422497
-17.922703	-13.995855	46.17964
29.82708	-19.075401	32.612667
54.500507	-29.26161	23.485306
-54.42202	32.602722	46.73801
40.27423	-47.519432	28.90463
-1.3498684	12.238952	27.885496
-32.69861	21.046314	54.91305
32.841232	34.82201	-18.538261
-6.703607	1.3696882	-72.885506
-43.011803	-55.111683	5.8191752
51.376896	8.795407	1.7134944
31.839722	58.694736	15.547619
-28.778423	-23.855658	-66.37742
34.75886	61.295628	25.644053
-1.5133281	26.583921	32.880993
-36.424686	-14.997565	-43.691715
-34.314064	-13.582951	-39.89914
3.891874	9.021663	74.15441
6.2262444	47.18164	51.838535
16.294407	-15.398905	19.69986
19.747446	-4.959038	-1.3674773
-42.799053	-35.489956	35.682785
26.419914	-26.60919	69.92338
-5.5729613	-34.906593	17.186953
-51.931698	-47.788948	12.275642
59.97036	-45.51158	-6.3126636
-39.00392	34.499752	-37.38021
-55.50826	38.860554	-12.769857
-7.089148	13.743958	-78.18952
-5.239638	37.3142	16.855553
-20.41679	29.909958	17.644388
-13.767166	5.1051974	9.7339735
-15.969491	64.09097	-41.00813
-42.32619	-45.894215	29.287579
21.217447	-13.234104	74.23622
12.10191	-32.525166	-27.06849
-68.35157	32.69414	-23.584257
-30.176878	-19.692879	25.352848
-5.805544	62.369205	-38.244164
38.101948	-9.120792	52.04258
46.656105	-9.00973	74.00002
0.7613731	68.3139	60.28429
11.680552	23.248596	31.85017
-23.65218	26.362864	53.234295
-12.295607	-24.332365	26.920177
0.7746179	36.65334	-42.00456
1.336143	72.06066	-6.7485933
15.481756	63.84263	5.285384
18.80599	-46.78478	30.558249
49.72393	-57.476974	-4.743475
1.576779	-34.03768	63.190796
3.7652574	-19.819061	68.06903
10.099447	8.962072	32.787613
-32.65899	-50.597164	-12.542944
-16.665695	35.466988	-18.246075
-7.670029	36.65139	-73.92594
0.35860538	42.567715	-64.64709
-2.1189218	43.92352	47.186028
44.34816	15.859327	64.03025
35.02333	-68.36409	-5.900233
-77.03834	18.384462	-0.39410752
22.992544	71.930145	3.1739402
-24.133322	39.2617	12.986866
14.387063	58.71502	44.45556
2.0100558	56.49979	-36.758316
-7.4650693	62.465054	50.77322
36.97687	42.971554	63.38041
30.181303	-27.531363	25.897703
